Longitude (x),Latitude (y),Station Name,Climate ID,Date/Time (LST),Year,Month,Day,Time (LST),Temp (°C),Temp Flag,Dew Point Temp (°C),Dew Point Temp Flag,Rel Hum (%),Rel Hum Flag,Precip. Amount (mm),Precip. Amount Flag,Wind Dir (10s deg),Wind Dir Flag,Wind Spd (km/h),Wind Spd Flag,Visibility (km),Visibility Flag,Stn Press (kPa),Stn Press Flag,Hmdx,Hmdx Flag,Wind Chill,Wind Chill Flag,Weather
-125.27,49.95,CAMPBELL RIVER A,1021267,4/1/2022 0:00,2022,4.00,1,0:00,,,,,,,,,,,,,,,,,,,,,
-125.27,49.95,CAMPBELL RIVER A,1021267,4/1/2022 1:00,2022,4.00,1,1:00,,,,,,,,,,,,,,,,,,,,,
-125.27,49.95,CAMPBELL RIVER A,1021267,4/1/2022 2:00,2022,4.00,1,2:00,,,,,,,,,,,,,,,,,,,,,
-125.27,49.95,CAMPBELL RIVER A,1021267,4/1/2022 3:00,2022,4.00,1,3:00,,,,,,,,,,,,,,,,,,,,,
-125.27,49.95,CAMPBELL RIVER A,1021267,4/1/2022 4:00,2022,4.00,1,4:00,,,,,,,,,,,,,,,,,,,,,
-125.27,49.95,CAMPBELL RIVER A,1021267,4/1/2022 5:00,2022,4.00,1,5:00,2.7,,2.5,,99,,,,31,,5,,24.1,,100.44,,,,,,NA
-125.27,49.95,CAMPBELL RIVER A,1021267,4/1/2022 6:00,2022,4.00,1,6:00,3.1,,3,,99,,,,31,,3,,32.2,,100.43,,,,,,NA
-125.27,49.95,CAMPBELL RIVER A,1021267,4/1/2022 7:00,2022,4.00,1,7:00,3.5,,3.3,,98,,,,,,0,,32.2,,100.39,,,,,,Rain
-125.27,49.95,CAMPBELL RIVER A,1021267,4/1/2022 8:00,2022,4.00,1,8:00,5.7,,3.2,,84,,,,10,,7,,48.3,,100.38,,,,,,NA
-125.27,49.95,CAMPBELL RIVER A,1021267,4/1/2022 9:00,2022,4.00,1,9:00,6.3,,3,,79,,,,12,,12,,48.3,,100.41,,,,,,NA
-125.27,49.95,CAMPBELL RIVER A,1021267,4/1/2022 10:00,2022,4.00,1,10:00,7.4,,3.5,,76,,,,12,,23,,48.3,,100.37,,,,,,Mostly Cloudy
-125.27,49.95,CAMPBELL RIVER A,1021267,4/1/2022 11:00,2022,4.00,1,11:00,8,,4.1,,77,,,,11,,27,,48.3,,100.37,,,,,,NA
-125.27,49.95,CAMPBELL RIVER A,1021267,4/1/2022 12:00,2022,4.00,1,12:00,8.3,,3.8,,73,,,,10,,21,,48.3,,100.38,,,,,,NA
-125.27,49.95,CAMPBELL RIVER A,1021267,4/1/2022 13:00,2022,4.00,1,13:00,8.5,,3.7,,71,,,,11,,23,,32.2,,100.4,,,,,,Cloudy
-125.27,49.95,CAMPBELL RIVER A,1021267,4/1/2022 14:00,2022,4.00,1,14:00,8.3,,3,,69,,,,12,,25,,32.2,,100.4,,,,,,NA
-125.27,49.95,CAMPBELL RIVER A,1021267,4/1/2022 15:00,2022,4.00,1,15:00,6.8,,4.9,,88,,,,12,,21,,19.3,,100.41,,,,,,Rain
-125.27,49.95,CAMPBELL RIVER A,1021267,4/1/2022 16:00,2022,4.00,1,16:00,6.7,,5.5,,92,,,,14,,17,,16.1,,100.39,,,,,,Rain
-125.27,49.95,CAMPBELL RIVER A,1021267,4/1/2022 17:00,2022,4.00,1,17:00,6.9,,5.3,,89,,,,13,,14,,24.1,,100.35,,,,,,Rain
-125.27,49.95,CAMPBELL RIVER A,1021267,4/1/2022 18:00,2022,4.00,1,18:00,6.9,,4.8,,87,,,,12,,14,,32.2,,100.32,,,,,,Rain
-125.27,49.95,CAMPBELL RIVER A,1021267,4/1/2022 19:00,2022,4.00,1,19:00,6.1,,5.1,,93,,,,10,,9,,19.3,,100.3,,,,,,Rain
-125.27,49.95,CAMPBELL RIVER A,1021267,4/1/2022 20:00,2022,4.00,1,20:00,5.3,,4.8,,97,,,,,,0,,19.3,,100.34,,,,,,NA
-125.27,49.95,CAMPBELL RIVER A,1021267,4/1/2022 21:00,2022,4.00,1,21:00,,,,,,,,,,,,,,,,,,,,,
-125.27,49.95,CAMPBELL RIVER A,1021267,4/1/2022 22:00,2022,4.00,1,22:00,,,,,,,,,,,,,,,,,,,,,
-125.27,49.95,CAMPBELL RIVER A,1021267,4/1/2022 23:00,2022,4.00,1,23:00,,,,,,,,,,,,,,,,,,,,,
-125.27,49.95,CAMPBELL RIVER A,1021267,4/2/2022 0:00,2022,4.00,2,0:00,,,,,,,,,,,,,,,,,,,,,
-125.27,49.95,CAMPBELL RIVER A,1021267,4/2/2022 1:00,2022,4.00,2,1:00,,,,,,,,,,,,,,,,,,,,,
-125.27,49.95,CAMPBELL RIVER A,1021267,4/2/2022 2:00,2022,4.00,2,2:00,,,,,,,,,,,,,,,,,,,,,
-125.27,49.95,CAMPBELL RIVER A,1021267,4/2/2022 3:00,2022,4.00,2,3:00,,,,,,,,,,,,,,,,,,,,,
-125.27,49.95,CAMPBELL RIVER A,1021267,4/2/2022 4:00,2022,4.00,2,4:00,,,,,,,,,,,,,,,,,,,,,
-125.27,49.95,CAMPBELL RIVER A,1021267,4/2/2022 5:00,2022,4.00,2,5:00,-0.6,,-0.6,,100,,,,30,,7,,24.1,,100.62,,,,-3,,NA
-125.27,49.95,CAMPBELL RIVER A,1021267,4/2/2022 6:00,2022,4.00,2,6:00,-0.8,,-0.8,,100,,,,30,,4,,48.3,,100.65,,,,-2,,NA
-125.27,49.95,CAMPBELL RIVER A,1021267,4/2/2022 7:00,2022,4.00,2,7:00,0.4,,0.4,,100,,,,32,,5,,48.3,,100.68,,,,,,Mostly Cloudy
-125.27,49.95,CAMPBELL RIVER A,1021267,4/2/2022 8:00,2022,4.00,2,8:00,4.8,,4.8,,99,,,,11,,8,,48.3,,100.69,,,,,,NA
-125.27,49.95,CAMPBELL RIVER A,1021267,4/2/2022 9:00,2022,4.00,2,9:00,6.4,,3.7,,83,,,,10,,15,,48.3,,100.71,,,,,,NA
-125.27,49.95,CAMPBELL RIVER A,1021267,4/2/2022 10:00,2022,4.00,2,10:00,6.9,,5,,88,,,,12,,25,,32.2,,100.74,,,,,,Mostly Cloudy
-125.27,49.95,CAMPBELL RIVER A,1021267,4/2/2022 11:00,2022,4.00,2,11:00,7.6,,3.3,,74,,,,11,,16,,32.2,,100.73,,,,,,NA
-125.27,49.95,CAMPBELL RIVER A,1021267,4/2/2022 12:00,2022,4.00,2,12:00,9.7,,3.7,,66,,,,10,,13,,32.2,,100.69,,,,,,NA
-125.27,49.95,CAMPBELL RIVER A,1021267,4/2/2022 13:00,2022,4.00,2,13:00,8,,3.9,,75,,,,12,,16,,24.1,,100.71,,,,,,Rain
-125.27,49.95,CAMPBELL RIVER A,1021267,4/2/2022 14:00,2022,4.00,2,14:00,8.2,,6.6,,90,,,,26,,9,,24.1,,100.68,,,,,,Rain
-125.27,49.95,CAMPBELL RIVER A,1021267,4/2/2022 15:00,2022,4.00,2,15:00,8.1,,5.2,,82,,,,10,,9,,32.2,,100.66,,,,,,Rain
-125.27,49.95,CAMPBELL RIVER A,1021267,4/2/2022 16:00,2022,4.00,2,16:00,8.8,,5.6,,80,,,,11,,22,,32.2,,100.62,,,,,,Cloudy
-125.27,49.95,CAMPBELL RIVER A,1021267,4/2/2022 17:00,2022,4.00,2,17:00,8,,4.6,,79,,,,12,,30,,40.2,,100.56,,,,,,NA
-125.27,49.95,CAMPBELL RIVER A,1021267,4/2/2022 18:00,2022,4.00,2,18:00,8.4,,3.5,,71,,,,15,,10,,40.2,,100.5,,,,,,NA
-125.27,49.95,CAMPBELL RIVER A,1021267,4/2/2022 19:00,2022,4.00,2,19:00,6.9,,3.5,,79,,,,14,,16,,40.2,,100.47,,,,,,Cloudy
-125.27,49.95,CAMPBELL RIVER A,1021267,4/2/2022 20:00,2022,4.00,2,20:00,5.9,,3.7,,86,,,,14,,16,,24.1,,100.44,,,,,,NA
-125.27,49.95,CAMPBELL RIVER A,1021267,4/2/2022 21:00,2022,4.00,2,21:00,,,,,,,,,,,,,,,,,,,,,
-125.27,49.95,CAMPBELL RIVER A,1021267,4/2/2022 22:00,2022,4.00,2,22:00,,,,,,,,,,,,,,,,,,,,,
-125.27,49.95,CAMPBELL RIVER A,1021267,4/2/2022 23:00,2022,4.00,2,23:00,,,,,,,,,,,,,,,,,,,,,
-125.27,49.95,CAMPBELL RIVER A,1021267,4/3/2022 0:00,2022,4.00,3,0:00,,,,,,,,,,,,,,,,,,,,,
-125.27,49.95,CAMPBELL RIVER A,1021267,4/3/2022 1:00,2022,4.00,3,1:00,,,,,,,,,,,,,,,,,,,,,
-125.27,49.95,CAMPBELL RIVER A,1021267,4/3/2022 2:00,2022,4.00,3,2:00,,,,,,,,,,,,,,,,,,,,,
-125.27,49.95,CAMPBELL RIVER A,1021267,4/3/2022 3:00,2022,4.00,3,3:00,,,,,,,,,,,,,,,,,,,,,
-125.27,49.95,CAMPBELL RIVER A,1021267,4/3/2022 4:00,2022,4.00,3,4:00,,,,,,,,,,,,,,,,,,,,,
-125.27,49.95,CAMPBELL RIVER A,1021267,4/3/2022 5:00,2022,4.00,3,5:00,4.9,,4.3,,96,,,,15,,22,,24.1,,99.6,,,,,,Rain
-125.27,49.95,CAMPBELL RIVER A,1021267,4/3/2022 6:00,2022,4.00,3,6:00,5,,4.4,,96,,,,14,,26,,12.9,,99.5,,,,,,Rain
-125.27,49.95,CAMPBELL RIVER A,1021267,4/3/2022 7:00,2022,4.00,3,7:00,4.8,,4.2,,96,,,,14,,27,,12.9,,99.48,,,,,,Rain
-125.27,49.95,CAMPBELL RIVER A,1021267,4/3/2022 8:00,2022,4.00,3,8:00,4.6,,3.7,,94,,,,17,,17,,9.7,,99.51,,,,,,"Rain,Fog"
-125.27,49.95,CAMPBELL RIVER A,1021267,4/3/2022 9:00,2022,4.00,3,9:00,4.1,,3.3,,95,,,,17,,19,,12.9,,99.48,,,,,,Rain
-125.27,49.95,CAMPBELL RIVER A,1021267,4/3/2022 10:00,2022,4.00,3,10:00,5.7,,4.5,,92,,,,17,,4,,24.1,,99.47,,,,,,Mostly Cloudy
-125.27,49.95,CAMPBELL RIVER A,1021267,4/3/2022 11:00,2022,4.00,3,11:00,7.8,,5.8,,87,,,,11,,14,,24.1,,99.46,,,,,,NA
-125.27,49.95,CAMPBELL RIVER A,1021267,4/3/2022 12:00,2022,4.00,3,12:00,8.4,,5.2,,80,,,,12,,15,,32.2,,99.44,,,,,,NA
-125.27,49.95,CAMPBELL RIVER A,1021267,4/3/2022 13:00,2022,4.00,3,13:00,8.4,,5.2,,80,,,,10,,10,,40.2,,99.41,,,,,,Mostly Cloudy
-125.27,49.95,CAMPBELL RIVER A,1021267,4/3/2022 14:00,2022,4.00,3,14:00,8.7,,4.2,,73,,,,9,,19,,40.2,,99.34,,,,,,NA
-125.27,49.95,CAMPBELL RIVER A,1021267,4/3/2022 15:00,2022,4.00,3,15:00,9.9,,4.4,,69,,,,11,,23,,40.2,,99.23,,,,,,NA
-125.27,49.95,CAMPBELL RIVER A,1021267,4/3/2022 16:00,2022,4.00,3,16:00,8.5,,5.2,,79,,,,11,,25,,48.3,,99.11,,,,,,Cloudy
-125.27,49.95,CAMPBELL RIVER A,1021267,4/3/2022 17:00,2022,4.00,3,17:00,8,,5.2,,82,,,,11,,25,,48.3,,99.01,,,,,,NA
-125.27,49.95,CAMPBELL RIVER A,1021267,4/3/2022 18:00,2022,4.00,3,18:00,7.5,,4.7,,82,,,,12,,28,,32.2,,98.86,,,,,,NA
-125.27,49.95,CAMPBELL RIVER A,1021267,4/3/2022 19:00,2022,4.00,3,19:00,5.3,,3.5,,88,,,,14,,12,,12.9,,98.72,,,,,,Rain
-125.27,49.95,CAMPBELL RIVER A,1021267,4/3/2022 20:00,2022,4.00,3,20:00,3.8,,2.7,,92,,,,14,,23,,12.9,,98.55,,,,,,Rain
-125.27,49.95,CAMPBELL RIVER A,1021267,4/3/2022 21:00,2022,4.00,3,21:00,,,,,,,,,,,,,,,,,,,,,
-125.27,49.95,CAMPBELL RIVER A,1021267,4/3/2022 22:00,2022,4.00,3,22:00,,,,,,,,,,,,,,,,,,,,,
-125.27,49.95,CAMPBELL RIVER A,1021267,4/3/2022 23:00,2022,4.00,3,23:00,,,,,,,,,,,,,,,,,,,,,
-125.27,49.95,CAMPBELL RIVER A,1021267,4/4/2022 0:00,2022,4.00,4,0:00,,,,,,,,,,,,,,,,,,,,,
-125.27,49.95,CAMPBELL RIVER A,1021267,4/4/2022 1:00,2022,4.00,4,1:00,,,,,,,,,,,,,,,,,,,,,
-125.27,49.95,CAMPBELL RIVER A,1021267,4/4/2022 2:00,2022,4.00,4,2:00,,,,,,,,,,,,,,,,,,,,,
-125.27,49.95,CAMPBELL RIVER A,1021267,4/4/2022 3:00,2022,4.00,4,3:00,,,,,,,,,,,,,,,,,,,,,
-125.27,49.95,CAMPBELL RIVER A,1021267,4/4/2022 4:00,2022,4.00,4,4:00,,,,,,,,,,,,,,,,,,,,,
-125.27,49.95,CAMPBELL RIVER A,1021267,4/4/2022 5:00,2022,4.00,4,5:00,1.8,,1.3,,97,,,,29,,6,,24.1,,97.54,,,,,,NA
-125.27,49.95,CAMPBELL RIVER A,1021267,4/4/2022 6:00,2022,4.00,4,6:00,1.5,,1,,96,,,,22,,5,,40.2,,97.62,,,,,,NA
-125.27,49.95,CAMPBELL RIVER A,1021267,4/4/2022 7:00,2022,4.00,4,7:00,4.6,,0.4,,74,,,,17,,12,,48.3,,97.69,,,,,,Mainly Clear
-125.27,49.95,CAMPBELL RIVER A,1021267,4/4/2022 8:00,2022,4.00,4,8:00,6.4,,1.4,,70,,,,21,,7,,48.3,,97.78,,,,,,NA
-125.27,49.95,CAMPBELL RIVER A,1021267,4/4/2022 9:00,2022,4.00,4,9:00,5.5,,1.5,,75,,,,16,,16,,24.1,,97.86,,,,,,Rain Showers
-125.27,49.95,CAMPBELL RIVER A,1021267,4/4/2022 10:00,2022,4.00,4,10:00,6.8,,2.7,,75,,,,13,,25,,32.2,,97.85,,,,,,Mostly Cloudy
-125.27,49.95,CAMPBELL RIVER A,1021267,4/4/2022 11:00,2022,4.00,4,11:00,6,,3.5,,84,,,,13,,21,,9.7,,97.92,,,,,,"Rain Showers,Fog"
-125.27,49.95,CAMPBELL RIVER A,1021267,4/4/2022 12:00,2022,4.00,4,12:00,5.2,,3.9,,91,,,,13,,19,,8.1,,98.01,,,,,,"Rain Showers,Fog"
-125.27,49.95,CAMPBELL RIVER A,1021267,4/4/2022 13:00,2022,4.00,4,13:00,4.8,,3.9,,94,,,,12,,11,,16.1,,98.08,,,,,,Rain Showers
-125.27,49.95,CAMPBELL RIVER A,1021267,4/4/2022 14:00,2022,4.00,4,14:00,5.9,,4.7,,92,,,,14,,13,,16.1,,98.13,,,,,,Rain Showers
-125.27,49.95,CAMPBELL RIVER A,1021267,4/4/2022 15:00,2022,4.00,4,15:00,6,,4.4,,89,,,,15,,13,,19.3,,98.23,,,,,,Rain Showers
-125.27,49.95,CAMPBELL RIVER A,1021267,4/4/2022 16:00,2022,4.00,4,16:00,6.5,,5,,90,,,,14,,7,,19.3,,98.25,,,,,,Rain Showers
-125.27,49.95,CAMPBELL RIVER A,1021267,4/4/2022 17:00,2022,4.00,4,17:00,6.7,,4.3,,85,,,,13,,12,,24.1,,98.39,,,,,,Rain Showers
-125.27,49.95,CAMPBELL RIVER A,1021267,4/4/2022 18:00,2022,4.00,4,18:00,5.6,,4.5,,92,,,,16,,12,,32.2,,98.48,,,,,,Rain Showers
-125.27,49.95,CAMPBELL RIVER A,1021267,4/4/2022 19:00,2022,4.00,4,19:00,4.1,,3.3,,94,,,,17,,5,,32.2,,98.62,,,,,,Rain Showers
-125.27,49.95,CAMPBELL RIVER A,1021267,4/4/2022 20:00,2022,4.00,4,20:00,3.4,,3.1,,98,,,,25,,7,,24.1,,98.79,,,,,,Rain Showers
-125.27,49.95,CAMPBELL RIVER A,1021267,4/4/2022 21:00,2022,4.00,4,21:00,,,,,,,,,,,,,,,,,,,,,
-125.27,49.95,CAMPBELL RIVER A,1021267,4/4/2022 22:00,2022,4.00,4,22:00,,,,,,,,,,,,,,,,,,,,,
-125.27,49.95,CAMPBELL RIVER A,1021267,4/4/2022 23:00,2022,4.00,4,23:00,,,,,,,,,,,,,,,,,,,,,
-125.27,49.95,CAMPBELL RIVER A,1021267,4/5/2022 0:00,2022,4.00,5,0:00,,,,,,,,,,,,,,,,,,,,,
-125.27,49.95,CAMPBELL RIVER A,1021267,4/5/2022 1:00,2022,4.00,5,1:00,,,,,,,,,,,,,,,,,,,,,
-125.27,49.95,CAMPBELL RIVER A,1021267,4/5/2022 2:00,2022,4.00,5,2:00,,,,,,,,,,,,,,,,,,,,,
-125.27,49.95,CAMPBELL RIVER A,1021267,4/5/2022 3:00,2022,4.00,5,3:00,,,,,,,,,,,,,,,,,,,,,
-125.27,49.95,CAMPBELL RIVER A,1021267,4/5/2022 4:00,2022,4.00,5,4:00,,,,,,,,,,,,,,,,,,,,,
-125.27,49.95,CAMPBELL RIVER A,1021267,4/5/2022 5:00,2022,4.00,5,5:00,1.9,,1.8,,99,,,,25,,3,,24.1,,100.19,,,,,,NA
-125.27,49.95,CAMPBELL RIVER A,1021267,4/5/2022 6:00,2022,4.00,5,6:00,1.1,,1,,100,,,,36,,3,,32.2,,100.35,,,,,,NA
-125.27,49.95,CAMPBELL RIVER A,1021267,4/5/2022 7:00,2022,4.00,5,7:00,3.5,,3.5,,100,,,,31,,5,,32.2,,100.53,,,,,,Mostly Cloudy
-125.27,49.95,CAMPBELL RIVER A,1021267,4/5/2022 8:00,2022,4.00,5,8:00,5.8,,3.2,,83,,,,32,,12,,48.3,,100.71,,,,,,NA
-125.27,49.95,CAMPBELL RIVER A,1021267,4/5/2022 9:00,2022,4.00,5,9:00,7.1,,3.8,,80,,,,33,,8,,48.3,,100.86,,,,,,NA
-125.27,49.95,CAMPBELL RIVER A,1021267,4/5/2022 10:00,2022,4.00,5,10:00,8.6,,-0.6,,52,,,,30,,17,,48.3,,101,,,,,,Mostly Cloudy
-125.27,49.95,CAMPBELL RIVER A,1021267,4/5/2022 11:00,2022,4.00,5,11:00,8.3,,-3,,45,,,,31,,21,,48.3,,101.12,,,,,,NA
-125.27,49.95,CAMPBELL RIVER A,1021267,4/5/2022 12:00,2022,4.00,5,12:00,9.4,,-3.1,,41,,,,30,,23,,48.3,,101.2,,,,,,NA
-125.27,49.95,CAMPBELL RIVER A,1021267,4/5/2022 13:00,2022,4.00,5,13:00,9.4,,-3.2,,41,,,,33,,18,,48.3,,101.26,,,,,,Mostly Cloudy
-125.27,49.95,CAMPBELL RIVER A,1021267,4/5/2022 14:00,2022,4.00,5,14:00,10.7,,-2.6,,39,,,,32,,14,,48.3,,101.31,,,,,,NA
-125.27,49.95,CAMPBELL RIVER A,1021267,4/5/2022 15:00,2022,4.00,5,15:00,10.4,,-3.3,,38,,,,32,,19,,48.3,,101.4,,,,,,NA
-125.27,49.95,CAMPBELL RIVER A,1021267,4/5/2022 16:00,2022,4.00,5,16:00,7.4,,0.7,,63,,,,33,,24,,24.1,,101.48,,,,,,"Rain Showers,Hail"
-125.27,49.95,CAMPBELL RIVER A,1021267,4/5/2022 17:00,2022,4.00,5,17:00,7.2,,2,,69,,,,36,,8,,48.3,,101.57,,,,,,Rain Showers
-125.27,49.95,CAMPBELL RIVER A,1021267,4/5/2022 18:00,2022,4.00,5,18:00,7.1,,2.6,,73,,,,31,,5,,48.3,,101.58,,,,,,NA
-125.27,49.95,CAMPBELL RIVER A,1021267,4/5/2022 19:00,2022,4.00,5,19:00,3.7,,1.5,,86,,,,31,,7,,48.3,,101.65,,,,,,Mainly Clear
-125.27,49.95,CAMPBELL RIVER A,1021267,4/5/2022 20:00,2022,4.00,5,20:00,1.9,,1.3,,95,,,,29,,3,,24.1,,101.72,,,,,,NA
-125.27,49.95,CAMPBELL RIVER A,1021267,4/5/2022 21:00,2022,4.00,5,21:00,,,,,,,,,,,,,,,,,,,,,
-125.27,49.95,CAMPBELL RIVER A,1021267,4/5/2022 22:00,2022,4.00,5,22:00,,,,,,,,,,,,,,,,,,,,,
-125.27,49.95,CAMPBELL RIVER A,1021267,4/5/2022 23:00,2022,4.00,5,23:00,,,,,,,,,,,,,,,,,,,,,
-125.27,49.95,CAMPBELL RIVER A,1021267,4/6/2022 0:00,2022,4.00,6,0:00,,,,,,,,,,,,,,,,,,,,,
-125.27,49.95,CAMPBELL RIVER A,1021267,4/6/2022 1:00,2022,4.00,6,1:00,,,,,,,,,,,,,,,,,,,,,
-125.27,49.95,CAMPBELL RIVER A,1021267,4/6/2022 2:00,2022,4.00,6,2:00,,,,,,,,,,,,,,,,,,,,,
-125.27,49.95,CAMPBELL RIVER A,1021267,4/6/2022 3:00,2022,4.00,6,3:00,,,,,,,,,,,,,,,,,,,,,
-125.27,49.95,CAMPBELL RIVER A,1021267,4/6/2022 4:00,2022,4.00,6,4:00,,,,,,,,,,,,,,,,,,,,,
-125.27,49.95,CAMPBELL RIVER A,1021267,4/6/2022 5:00,2022,4.00,6,5:00,-1.7,,-1.9,,99,,,,30,,4,,24.1,,101.97,,,,-3,,NA
-125.27,49.95,CAMPBELL RIVER A,1021267,4/6/2022 6:00,2022,4.00,6,6:00,-1,,-1.1,,99,,,,32,,5,,48.3,,101.96,,,,-3,,NA
-125.27,49.95,CAMPBELL RIVER A,1021267,4/6/2022 7:00,2022,4.00,6,7:00,0,,-0.1,,99,,,,36,,3,,32.2,,101.95,,,,-1,,Mostly Cloudy
-125.27,49.95,CAMPBELL RIVER A,1021267,4/6/2022 8:00,2022,4.00,6,8:00,2.1,,1.9,,99,,,,,,0,,48.3,,101.98,,,,,,NA
-125.27,49.95,CAMPBELL RIVER A,1021267,4/6/2022 9:00,2022,4.00,6,9:00,4,,2.8,,92,,,,9,,12,,48.3,,102,,,,,,NA
-125.27,49.95,CAMPBELL RIVER A,1021267,4/6/2022 10:00,2022,4.00,6,10:00,5.5,,3.1,,85,,,,10,,11,,48.3,,101.96,,,,,,Cloudy
-125.27,49.95,CAMPBELL RIVER A,1021267,4/6/2022 11:00,2022,4.00,6,11:00,6.7,,3.4,,80,,,,10,,19,,32.2,,101.9,,,,,,NA
-125.27,49.95,CAMPBELL RIVER A,1021267,4/6/2022 12:00,2022,4.00,6,12:00,7,,2.8,,75,,,,11,,19,,32.2,,101.86,,,,,,NA
-125.27,49.95,CAMPBELL RIVER A,1021267,4/6/2022 13:00,2022,4.00,6,13:00,7.3,,3,,74,,,,11,,21,,32.2,,101.82,,,,,,Cloudy
-125.27,49.95,CAMPBELL RIVER A,1021267,4/6/2022 14:00,2022,4.00,6,14:00,7.4,,3.1,,74,,,,9,,17,,32.2,,101.81,,,,,,NA
-125.27,49.95,CAMPBELL RIVER A,1021267,4/6/2022 15:00,2022,4.00,6,15:00,7.2,,3.3,,76,,,,10,,17,,12.9,,101.85,,,,,,Rain
-125.27,49.95,CAMPBELL RIVER A,1021267,4/6/2022 16:00,2022,4.00,6,16:00,6.2,,4,,86,,,,10,,11,,12.9,,101.86,,,,,,Rain
-125.27,49.95,CAMPBELL RIVER A,1021267,4/6/2022 17:00,2022,4.00,6,17:00,6.9,,2.4,,73,,,,9,,11,,32.2,,101.81,,,,,,NA
-125.27,49.95,CAMPBELL RIVER A,1021267,4/6/2022 18:00,2022,4.00,6,18:00,6.5,,2.6,,76,,,,7,,17,,32.2,,101.78,,,,,,NA
-125.27,49.95,CAMPBELL RIVER A,1021267,4/6/2022 19:00,2022,4.00,6,19:00,5.7,,2.8,,81,,,,36,,3,,32.2,,101.71,,,,,,Cloudy
-125.27,49.95,CAMPBELL RIVER A,1021267,4/6/2022 20:00,2022,4.00,6,20:00,4.8,,3.4,,91,,,,26,,4,,24.1,,101.72,,,,,,NA
-125.27,49.95,CAMPBELL RIVER A,1021267,4/6/2022 21:00,2022,4.00,6,21:00,,,,,,,,,,,,,,,,,,,,,
-125.27,49.95,CAMPBELL RIVER A,1021267,4/6/2022 22:00,2022,4.00,6,22:00,,,,,,,,,,,,,,,,,,,,,
-125.27,49.95,CAMPBELL RIVER A,1021267,4/6/2022 23:00,2022,4.00,6,23:00,,,,,,,,,,,,,,,,,,,,,
-125.27,49.95,CAMPBELL RIVER A,1021267,4/7/2022 0:00,2022,4.00,7,0:00,,,,,,,,,,,,,,,,,,,,,
-125.27,49.95,CAMPBELL RIVER A,1021267,4/7/2022 1:00,2022,4.00,7,1:00,,,,,,,,,,,,,,,,,,,,,
-125.27,49.95,CAMPBELL RIVER A,1021267,4/7/2022 2:00,2022,4.00,7,2:00,,,,,,,,,,,,,,,,,,,,,
-125.27,49.95,CAMPBELL RIVER A,1021267,4/7/2022 3:00,2022,4.00,7,3:00,,,,,,,,,,,,,,,,,,,,,
-125.27,49.95,CAMPBELL RIVER A,1021267,4/7/2022 4:00,2022,4.00,7,4:00,,,,,,,,,,,,,,,,,,,,,
-125.27,49.95,CAMPBELL RIVER A,1021267,4/7/2022 5:00,2022,4.00,7,5:00,3.5,,3.4,,99,,,,32,,5,,48.3,,101.29,,,,,,NA
-125.27,49.95,CAMPBELL RIVER A,1021267,4/7/2022 6:00,2022,4.00,7,6:00,3.3,,3.2,,99,,,,,,0,,48.3,,101.27,,,,,,NA
-125.27,49.95,CAMPBELL RIVER A,1021267,4/7/2022 7:00,2022,4.00,7,7:00,3.9,,3.8,,99,,,,31,,3,,48.3,,101.24,,,,,,Mostly Cloudy
-125.27,49.95,CAMPBELL RIVER A,1021267,4/7/2022 8:00,2022,4.00,7,8:00,5.2,,3.8,,91,,,,,,0,,48.3,,101.21,,,,,,NA
-125.27,49.95,CAMPBELL RIVER A,1021267,4/7/2022 9:00,2022,4.00,7,9:00,6.3,,4.5,,88,,,,9,,9,,48.3,,101.16,,,,,,NA
-125.27,49.95,CAMPBELL RIVER A,1021267,4/7/2022 10:00,2022,4.00,7,10:00,7.4,,4.7,,83,,,,8,,13,,48.3,,101.11,,,,,,Cloudy
-125.27,49.95,CAMPBELL RIVER A,1021267,4/7/2022 11:00,2022,4.00,7,11:00,8.3,,4.5,,77,,,,7,,14,,48.3,,101.04,,,,,,NA
-125.27,49.95,CAMPBELL RIVER A,1021267,4/7/2022 12:00,2022,4.00,7,12:00,10.1,,4.6,,69,,,,9,,13,,48.3,,100.93,,,,,,NA
-125.27,49.95,CAMPBELL RIVER A,1021267,4/7/2022 13:00,2022,4.00,7,13:00,10.5,,3.1,,60,,,,10,,19,,48.3,,100.84,,,,,,Cloudy
-125.27,49.95,CAMPBELL RIVER A,1021267,4/7/2022 14:00,2022,4.00,7,14:00,11.5,,3,,56,,,,9,,19,,48.3,,100.78,,,,,,NA
-125.27,49.95,CAMPBELL RIVER A,1021267,4/7/2022 15:00,2022,4.00,7,15:00,11.1,,3.1,,58,,,,9,,13,,48.3,,100.64,,,,,,NA
-125.27,49.95,CAMPBELL RIVER A,1021267,4/7/2022 16:00,2022,4.00,7,16:00,10.6,,3.5,,62,,,,7,,10,,48.3,,100.53,,,,,,Cloudy
-125.27,49.95,CAMPBELL RIVER A,1021267,4/7/2022 17:00,2022,4.00,7,17:00,10.2,,3.9,,65,,,,9,,9,,48.3,,100.4,,,,,,Rain Showers
-125.27,49.95,CAMPBELL RIVER A,1021267,4/7/2022 18:00,2022,4.00,7,18:00,9.5,,4.6,,71,,,,2,,5,,48.3,,100.28,,,,,,NA
-125.27,49.95,CAMPBELL RIVER A,1021267,4/7/2022 19:00,2022,4.00,7,19:00,8,,5.2,,82,,,,29,,5,,48.3,,100.19,,,,,,Cloudy
-125.27,49.95,CAMPBELL RIVER A,1021267,4/7/2022 20:00,2022,4.00,7,20:00,11,,4.5,,64,,,,15,,16,,24.1,,100.01,,,,,,NA
-125.27,49.95,CAMPBELL RIVER A,1021267,4/7/2022 21:00,2022,4.00,7,21:00,,,,,,,,,,,,,,,,,,,,,
-125.27,49.95,CAMPBELL RIVER A,1021267,4/7/2022 22:00,2022,4.00,7,22:00,,,,,,,,,,,,,,,,,,,,,
-125.27,49.95,CAMPBELL RIVER A,1021267,4/7/2022 23:00,2022,4.00,7,23:00,,,,,,,,,,,,,,,,,,,,,
-125.27,49.95,CAMPBELL RIVER A,1021267,4/8/2022 0:00,2022,4.00,8,0:00,,,,,,,,,,,,,,,,,,,,,
-125.27,49.95,CAMPBELL RIVER A,1021267,4/8/2022 1:00,2022,4.00,8,1:00,,,,,,,,,,,,,,,,,,,,,
-125.27,49.95,CAMPBELL RIVER A,1021267,4/8/2022 2:00,2022,4.00,8,2:00,,,,,,,,,,,,,,,,,,,,,
-125.27,49.95,CAMPBELL RIVER A,1021267,4/8/2022 3:00,2022,4.00,8,3:00,,,,,,,,,,,,,,,,,,,,,
-125.27,49.95,CAMPBELL RIVER A,1021267,4/8/2022 4:00,2022,4.00,8,4:00,,,,,,,,,,,,,,,,,,,,,
-125.27,49.95,CAMPBELL RIVER A,1021267,4/8/2022 5:00,2022,4.00,8,5:00,4.7,,3.9,,95,,,,25,,10,,24.1,,99.97,,,,,,NA
-125.27,49.95,CAMPBELL RIVER A,1021267,4/8/2022 6:00,2022,4.00,8,6:00,5,,4.5,,96,,,,,,0,,32.2,,100.03,,,,,,NA
-125.27,49.95,CAMPBELL RIVER A,1021267,4/8/2022 7:00,2022,4.00,8,7:00,5.8,,5.1,,96,,,,27,,11,,32.2,,100.12,,,,,,Mostly Cloudy
-125.27,49.95,CAMPBELL RIVER A,1021267,4/8/2022 8:00,2022,4.00,8,8:00,5.7,,4.6,,92,,,,31,,27,,12.9,,100.3,,,,,,Rain Showers
-125.27,49.95,CAMPBELL RIVER A,1021267,4/8/2022 9:00,2022,4.00,8,9:00,5.8,,4.6,,92,,,,34,,13,,24.1,,100.39,,,,,,Rain Showers
-125.27,49.95,CAMPBELL RIVER A,1021267,4/8/2022 10:00,2022,4.00,8,10:00,6.5,,5.3,,92,,,,33,,19,,32.2,,100.55,,,,,,Mostly Cloudy
-125.27,49.95,CAMPBELL RIVER A,1021267,4/8/2022 11:00,2022,4.00,8,11:00,6.9,,3.5,,79,,,,24,,4,,32.2,,100.61,,,,,,Rain Showers
-125.27,49.95,CAMPBELL RIVER A,1021267,4/8/2022 12:00,2022,4.00,8,12:00,8,,3.8,,75,,,,35,,9,,48.3,,100.69,,,,,,NA
-125.27,49.95,CAMPBELL RIVER A,1021267,4/8/2022 13:00,2022,4.00,8,13:00,8.5,,5.3,,80,,,,36,,5,,48.3,,100.71,,,,,,Mostly Cloudy
-125.27,49.95,CAMPBELL RIVER A,1021267,4/8/2022 14:00,2022,4.00,8,14:00,8.2,,4.9,,79,,,,13,,20,,48.3,,100.78,,,,,,NA
-125.27,49.95,CAMPBELL RIVER A,1021267,4/8/2022 15:00,2022,4.00,8,15:00,7.8,,4.4,,79,,,,12,,8,,32.2,,100.85,,,,,,Hail
-125.27,49.95,CAMPBELL RIVER A,1021267,4/8/2022 16:00,2022,4.00,8,16:00,6.9,,3.8,,81,,,,29,,13,,32.2,,100.9,,,,,,Rain Showers
-125.27,49.95,CAMPBELL RIVER A,1021267,4/8/2022 17:00,2022,4.00,8,17:00,8.4,,2.5,,66,,,,27,,15,,32.2,,100.91,,,,,,NA
-125.27,49.95,CAMPBELL RIVER A,1021267,4/8/2022 18:00,2022,4.00,8,18:00,7.8,,2.1,,67,,,,31,,17,,40.2,,100.9,,,,,,NA
-125.27,49.95,CAMPBELL RIVER A,1021267,4/8/2022 19:00,2022,4.00,8,19:00,5,,1.8,,80,,,,31,,8,,40.2,,100.95,,,,,,Mainly Clear
-125.27,49.95,CAMPBELL RIVER A,1021267,4/8/2022 20:00,2022,4.00,8,20:00,2.6,,0.4,,85,,,,34,,12,,24.1,,101.07,,,,,,NA
-125.27,49.95,CAMPBELL RIVER A,1021267,4/8/2022 21:00,2022,4.00,8,21:00,,,,,,,,,,,,,,,,,,,,,
-125.27,49.95,CAMPBELL RIVER A,1021267,4/8/2022 22:00,2022,4.00,8,22:00,,,,,,,,,,,,,,,,,,,,,
-125.27,49.95,CAMPBELL RIVER A,1021267,4/8/2022 23:00,2022,4.00,8,23:00,,,,,,,,,,,,,,,,,,,,,
-125.27,49.95,CAMPBELL RIVER A,1021267,4/9/2022 0:00,2022,4.00,9,0:00,,,,,,,,,,,,,,,,,,,,,
-125.27,49.95,CAMPBELL RIVER A,1021267,4/9/2022 1:00,2022,4.00,9,1:00,,,,,,,,,,,,,,,,,,,,,
-125.27,49.95,CAMPBELL RIVER A,1021267,4/9/2022 2:00,2022,4.00,9,2:00,,,,,,,,,,,,,,,,,,,,,
-125.27,49.95,CAMPBELL RIVER A,1021267,4/9/2022 3:00,2022,4.00,9,3:00,,,,,,,,,,,,,,,,,,,,,
-125.27,49.95,CAMPBELL RIVER A,1021267,4/9/2022 4:00,2022,4.00,9,4:00,,,,,,,,,,,,,,,,,,,,,
-125.27,49.95,CAMPBELL RIVER A,1021267,4/9/2022 5:00,2022,4.00,9,5:00,-1,,-1.2,,99,,,,36,,3,,24.1,,101.29,,,,-2,,NA
-125.27,49.95,CAMPBELL RIVER A,1021267,4/9/2022 6:00,2022,4.00,9,6:00,-1.4,,-1.5,,99,,,,,,0,,48.3,,101.28,,,,,,NA
-125.27,49.95,CAMPBELL RIVER A,1021267,4/9/2022 7:00,2022,4.00,9,7:00,0.9,,0.8,,100,,,,32,,4,,48.3,,101.28,,,,,,Mainly Clear
-125.27,49.95,CAMPBELL RIVER A,1021267,4/9/2022 8:00,2022,4.00,9,8:00,4.5,,-0.2,,72,,,,31,,14,,48.3,,101.24,,,,,,NA
-125.27,49.95,CAMPBELL RIVER A,1021267,4/9/2022 9:00,2022,4.00,9,9:00,6.4,,-1.8,,56,,,,31,,16,,48.3,,101.23,,,,,,NA
-125.27,49.95,CAMPBELL RIVER A,1021267,4/9/2022 10:00,2022,4.00,9,10:00,7.2,,-4.8,,42,,,,31,,14,,48.3,,101.18,,,,,,Mainly Clear
-125.27,49.95,CAMPBELL RIVER A,1021267,4/9/2022 11:00,2022,4.00,9,11:00,7.3,,-3.8,,45,,,,31,,10,,40.2,,101.13,,,,,,NA
-125.27,49.95,CAMPBELL RIVER A,1021267,4/9/2022 12:00,2022,4.00,9,12:00,7.8,,-2.8,,47,,,,10,,8,,40.2,,101.05,,,,,,Rain Showers
-125.27,49.95,CAMPBELL RIVER A,1021267,4/9/2022 13:00,2022,4.00,9,13:00,7.8,,-1,,54,,,,11,,17,,48.3,,101,,,,,,Rain Showers
-125.27,49.95,CAMPBELL RIVER A,1021267,4/9/2022 14:00,2022,4.00,9,14:00,7.3,,-2.9,,48,,,,7,,9,,48.3,,100.89,,,,,,NA
-125.27,49.95,CAMPBELL RIVER A,1021267,4/9/2022 15:00,2022,4.00,9,15:00,7.4,,-2.9,,48,,,,9,,11,,48.3,,100.82,,,,,,NA
-125.27,49.95,CAMPBELL RIVER A,1021267,4/9/2022 16:00,2022,4.00,9,16:00,7.1,,-3.7,,46,,,,6,,10,,40.2,,100.73,,,,,,Cloudy
-125.27,49.95,CAMPBELL RIVER A,1021267,4/9/2022 17:00,2022,4.00,9,17:00,6.3,,-1.6,,57,,,,14,,10,,40.2,,100.7,,,,,,NA
-125.27,49.95,CAMPBELL RIVER A,1021267,4/9/2022 18:00,2022,4.00,9,18:00,4.4,,-0.4,,71,,,,21,,5,,32.2,,100.7,,,,,,NA
-125.27,49.95,CAMPBELL RIVER A,1021267,4/9/2022 19:00,2022,4.00,9,19:00,3,,0.9,,86,,,,22,,7,,24.1,,100.67,,,,,,Rain Showers
-125.27,49.95,CAMPBELL RIVER A,1021267,4/9/2022 20:00,2022,4.00,9,20:00,2,,1.4,,96,,,,25,,6,,19.3,,100.66,,,,,,Rain Showers
-125.27,49.95,CAMPBELL RIVER A,1021267,4/9/2022 21:00,2022,4.00,9,21:00,,,,,,,,,,,,,,,,,,,,,
-125.27,49.95,CAMPBELL RIVER A,1021267,4/9/2022 22:00,2022,4.00,9,22:00,,,,,,,,,,,,,,,,,,,,,
-125.27,49.95,CAMPBELL RIVER A,1021267,4/9/2022 23:00,2022,4.00,9,23:00,,,,,,,,,,,,,,,,,,,,,
-125.27,49.95,CAMPBELL RIVER A,1021267,4/10/2022 0:00,2022,4.00,10,0:00,,,,,,,,,,,,,,,,,,,,,
-125.27,49.95,CAMPBELL RIVER A,1021267,4/10/2022 1:00,2022,4.00,10,1:00,,,,,,,,,,,,,,,,,,,,,
-125.27,49.95,CAMPBELL RIVER A,1021267,4/10/2022 2:00,2022,4.00,10,2:00,,,,,,,,,,,,,,,,,,,,,
-125.27,49.95,CAMPBELL RIVER A,1021267,4/10/2022 3:00,2022,4.00,10,3:00,,,,,,,,,,,,,,,,,,,,,
-125.27,49.95,CAMPBELL RIVER A,1021267,4/10/2022 4:00,2022,4.00,10,4:00,,,,,,,,,,,,,,,,,,,,,
-125.27,49.95,CAMPBELL RIVER A,1021267,4/10/2022 5:00,2022,4.00,10,5:00,1,,-1.6,,83,,,,29,,11,,24.1,,100.49,,,,,,NA
-125.27,49.95,CAMPBELL RIVER A,1021267,4/10/2022 6:00,2022,4.00,10,6:00,0.6,,-1.8,,84,,,,29,,9,,48.3,,100.49,,,,,,NA
-125.27,49.95,CAMPBELL RIVER A,1021267,4/10/2022 7:00,2022,4.00,10,7:00,1.2,,-1.8,,80,,,,29,,11,,48.3,,100.46,,,,,,Mostly Cloudy
-125.27,49.95,CAMPBELL RIVER A,1021267,4/10/2022 8:00,2022,4.00,10,8:00,2.5,,-1.5,,75,,,,28,,12,,48.3,,100.43,,,,,,NA
-125.27,49.95,CAMPBELL RIVER A,1021267,4/10/2022 9:00,2022,4.00,10,9:00,4.2,,-1.4,,67,,,,32,,21,,48.3,,100.39,,,,,,NA
-125.27,49.95,CAMPBELL RIVER A,1021267,4/10/2022 10:00,2022,4.00,10,10:00,4.9,,-1.4,,64,,,,33,,14,,32.2,,100.34,,,,,,Mostly Cloudy
-125.27,49.95,CAMPBELL RIVER A,1021267,4/10/2022 11:00,2022,4.00,10,11:00,5.5,,-2.1,,58,,,,31,,7,,40.2,,100.32,,,,,,NA
-125.27,49.95,CAMPBELL RIVER A,1021267,4/10/2022 12:00,2022,4.00,10,12:00,6.2,,-2.4,,54,,,,33,,5,,24.1,,100.25,,,,,,NA
-125.27,49.95,CAMPBELL RIVER A,1021267,4/10/2022 13:00,2022,4.00,10,13:00,7,,-1.5,,55,,,,5,,10,,19.3,,100.22,,,,,,Cloudy
-125.27,49.95,CAMPBELL RIVER A,1021267,4/10/2022 14:00,2022,4.00,10,14:00,5.7,,0.5,,69,,,,8,,16,,24.1,,100.19,,,,,,NA
-125.27,49.95,CAMPBELL RIVER A,1021267,4/10/2022 15:00,2022,4.00,10,15:00,5.1,,1.9,,80,,,,10,,12,,24.1,,100.14,,,,,,NA
-125.27,49.95,CAMPBELL RIVER A,1021267,4/10/2022 16:00,2022,4.00,10,16:00,4.4,,0.3,,74,,,,2,,7,,24.1,,100.04,,,,,,Mostly Cloudy
-125.27,49.95,CAMPBELL RIVER A,1021267,4/10/2022 17:00,2022,4.00,10,17:00,5.1,,-0.5,,67,,,,16,,7,,24.1,,99.96,,,,,,NA
-125.27,49.95,CAMPBELL RIVER A,1021267,4/10/2022 18:00,2022,4.00,10,18:00,4.8,,-0.3,,70,,,,21,,5,,32.2,,99.86,,,,,,NA
-125.27,49.95,CAMPBELL RIVER A,1021267,4/10/2022 19:00,2022,4.00,10,19:00,4.2,,0.2,,75,,,,28,,5,,32.2,,99.78,,,,,,Cloudy
-125.27,49.95,CAMPBELL RIVER A,1021267,4/10/2022 20:00,2022,4.00,10,20:00,3.2,,0.1,,80,,,,31,,4,,24.1,,99.75,,,,,,NA
-125.27,49.95,CAMPBELL RIVER A,1021267,4/10/2022 21:00,2022,4.00,10,21:00,,,,,,,,,,,,,,,,,,,,,
-125.27,49.95,CAMPBELL RIVER A,1021267,4/10/2022 22:00,2022,4.00,10,22:00,,,,,,,,,,,,,,,,,,,,,
-125.27,49.95,CAMPBELL RIVER A,1021267,4/10/2022 23:00,2022,4.00,10,23:00,,,,,,,,,,,,,,,,,,,,,
-125.27,49.95,CAMPBELL RIVER A,1021267,4/11/2022 0:00,2022,4.00,11,0:00,,,,,,,,,,,,,,,,,,,,,
-125.27,49.95,CAMPBELL RIVER A,1021267,4/11/2022 1:00,2022,4.00,11,1:00,,,,,,,,,,,,,,,,,,,,,
-125.27,49.95,CAMPBELL RIVER A,1021267,4/11/2022 2:00,2022,4.00,11,2:00,,,,,,,,,,,,,,,,,,,,,
-125.27,49.95,CAMPBELL RIVER A,1021267,4/11/2022 3:00,2022,4.00,11,3:00,,,,,,,,,,,,,,,,,,,,,
-125.27,49.95,CAMPBELL RIVER A,1021267,4/11/2022 4:00,2022,4.00,11,4:00,,,,,,,,,,,,,,,,,,,,,
-125.27,49.95,CAMPBELL RIVER A,1021267,4/11/2022 5:00,2022,4.00,11,5:00,2.2,,-2.1,,73,,,,29,,14,,24.1,,99.33,,,,,,NA
-125.27,49.95,CAMPBELL RIVER A,1021267,4/11/2022 6:00,2022,4.00,11,6:00,2.7,,-2.5,,68,,,,29,,17,,48.3,,99.35,,,,,,NA
-125.27,49.95,CAMPBELL RIVER A,1021267,4/11/2022 7:00,2022,4.00,11,7:00,3.7,,-2.6,,64,,,,29,,17,,48.3,,99.38,,,,,,Mainly Clear
-125.27,49.95,CAMPBELL RIVER A,1021267,4/11/2022 8:00,2022,4.00,11,8:00,6,,-2.2,,55,,,,28,,14,,48.3,,99.39,,,,,,NA
-125.27,49.95,CAMPBELL RIVER A,1021267,4/11/2022 9:00,2022,4.00,11,9:00,7.9,,-5.8,,37,,,,30,,17,,48.3,,99.37,,,,,,NA
-125.27,49.95,CAMPBELL RIVER A,1021267,4/11/2022 10:00,2022,4.00,11,10:00,8.7,,-8.8,,28,,,,34,,22,,48.3,,99.36,,,,,,Mainly Clear
-125.27,49.95,CAMPBELL RIVER A,1021267,4/11/2022 11:00,2022,4.00,11,11:00,9.9,,-10.4,,23,,,,35,,12,,48.3,,99.36,,,,,,NA
-125.27,49.95,CAMPBELL RIVER A,1021267,4/11/2022 12:00,2022,4.00,11,12:00,10.1,,-11.3,,21,,,,1,,13,,48.3,,99.33,,,,,,NA
-125.27,49.95,CAMPBELL RIVER A,1021267,4/11/2022 13:00,2022,4.00,11,13:00,10.3,,-12.3,,19,,,,2,,11,,48.3,,99.31,,,,,,Mainly Clear
-125.27,49.95,CAMPBELL RIVER A,1021267,4/11/2022 14:00,2022,4.00,11,14:00,10.8,,-10.9,,21,,,,31,,17,,48.3,,99.29,,,,,,NA
-125.27,49.95,CAMPBELL RIVER A,1021267,4/11/2022 15:00,2022,4.00,11,15:00,10.5,,-12.2,,19,,,,3,,10,,48.3,,99.28,,,,,,NA
-125.27,49.95,CAMPBELL RIVER A,1021267,4/11/2022 16:00,2022,4.00,11,16:00,10.9,,-10.2,,22,,,,32,,20,,48.3,,99.25,,,,,,Mainly Clear
-125.27,49.95,CAMPBELL RIVER A,1021267,4/11/2022 17:00,2022,4.00,11,17:00,10,,-9.3,,25,,,,32,,14,,48.3,,99.26,,,,,,NA
-125.27,49.95,CAMPBELL RIVER A,1021267,4/11/2022 18:00,2022,4.00,11,18:00,9.1,,-8,,29,,,,30,,6,,48.3,,99.27,,,,,,NA
-125.27,49.95,CAMPBELL RIVER A,1021267,4/11/2022 19:00,2022,4.00,11,19:00,4.5,,-3.6,,55,,,,36,,3,,48.3,,99.27,,,,,,Mainly Clear
-125.27,49.95,CAMPBELL RIVER A,1021267,4/11/2022 20:00,2022,4.00,11,20:00,2.6,,-1.4,,75,,,,30,,3,,24.1,,99.3,,,,,,NA
-125.27,49.95,CAMPBELL RIVER A,1021267,4/11/2022 21:00,2022,4.00,11,21:00,,,,,,,,,,,,,,,,,,,,,
-125.27,49.95,CAMPBELL RIVER A,1021267,4/11/2022 22:00,2022,4.00,11,22:00,,,,,,,,,,,,,,,,,,,,,
-125.27,49.95,CAMPBELL RIVER A,1021267,4/11/2022 23:00,2022,4.00,11,23:00,,,,,,,,,,,,,,,,,,,,,
-125.27,49.95,CAMPBELL RIVER A,1021267,4/12/2022 0:00,2022,4.00,12,0:00,,,,,,,,,,,,,,,,,,,,,
-125.27,49.95,CAMPBELL RIVER A,1021267,4/12/2022 1:00,2022,4.00,12,1:00,,,,,,,,,,,,,,,,,,,,,
-125.27,49.95,CAMPBELL RIVER A,1021267,4/12/2022 2:00,2022,4.00,12,2:00,,,,,,,,,,,,,,,,,,,,,
-125.27,49.95,CAMPBELL RIVER A,1021267,4/12/2022 3:00,2022,4.00,12,3:00,,,,,,,,,,,,,,,,,,,,,
-125.27,49.95,CAMPBELL RIVER A,1021267,4/12/2022 4:00,2022,4.00,12,4:00,,,,,,,,,,,,,,,,,,,,,
-125.27,49.95,CAMPBELL RIVER A,1021267,4/12/2022 5:00,2022,4.00,12,5:00,0.6,,-2.7,,79,,,,26,,10,,24.1,,99.54,,,,,,NA
-125.27,49.95,CAMPBELL RIVER A,1021267,4/12/2022 6:00,2022,4.00,12,6:00,0.6,,-1.1,,88,,,,30,,5,,4.8,,99.59,,,,,,"Rain Showers,Snow Showers"
-125.27,49.95,CAMPBELL RIVER A,1021267,4/12/2022 7:00,2022,4.00,12,7:00,0.7,,0.1,,96,,,,23,,5,,4.8,,99.65,,,,,,"Rain Showers,Snow Showers,Fog"
-125.27,49.95,CAMPBELL RIVER A,1021267,4/12/2022 8:00,2022,4.00,12,8:00,0.4,,0.1,,98,,,,25,,7,,9.7,,99.67,,,,,,"Rain Showers,Snow Showers"
-125.27,49.95,CAMPBELL RIVER A,1021267,4/12/2022 9:00,2022,4.00,12,9:00,0.4,,0.2,,99,,,,17,,4,,1.2,,99.73,,,,,,Snow Showers
-125.27,49.95,CAMPBELL RIVER A,1021267,4/12/2022 10:00,2022,4.00,12,10:00,0.2,,0.1,,99,,,,12,,8,,1.2,,99.81,,,,,,Snow Showers
-125.27,49.95,CAMPBELL RIVER A,1021267,4/12/2022 11:00,2022,4.00,12,11:00,0.2,,0.1,,99,,,,36,,3,,3.2,,99.87,,,,,,Snow Showers
-125.27,49.95,CAMPBELL RIVER A,1021267,4/12/2022 12:00,2022,4.00,12,12:00,3.3,,2.3,,93,,,,10,,21,,12.9,,99.9,,,,,,NA
-125.27,49.95,CAMPBELL RIVER A,1021267,4/12/2022 13:00,2022,4.00,12,13:00,3.4,,1.8,,89,,,,11,,19,,12.9,,99.92,,,,,,Rain Showers
-125.27,49.95,CAMPBELL RIVER A,1021267,4/12/2022 14:00,2022,4.00,12,14:00,5.4,,2.5,,82,,,,10,,28,,24.1,,99.93,,,,,,NA
-125.27,49.95,CAMPBELL RIVER A,1021267,4/12/2022 15:00,2022,4.00,12,15:00,6.3,,2.2,,75,,,,9,,26,,32.2,,99.97,,,,,,NA
-125.27,49.95,CAMPBELL RIVER A,1021267,4/12/2022 16:00,2022,4.00,12,16:00,6.4,,0.8,,67,,,,10,,19,,24.1,,99.98,,,,,,Mostly Cloudy
-125.27,49.95,CAMPBELL RIVER A,1021267,4/12/2022 17:00,2022,4.00,12,17:00,4.7,,1.3,,79,,,,11,,20,,19.3,,100,,,,,,Rain Showers
-125.27,49.95,CAMPBELL RIVER A,1021267,4/12/2022 18:00,2022,4.00,12,18:00,3.7,,1.3,,84,,,,8,,18,,32.2,,100.06,,,,,,NA
-125.27,49.95,CAMPBELL RIVER A,1021267,4/12/2022 19:00,2022,4.00,12,19:00,2.6,,1.4,,91,,,,17,,4,,32.2,,100.11,,,,,,Cloudy
-125.27,49.95,CAMPBELL RIVER A,1021267,4/12/2022 20:00,2022,4.00,12,20:00,1.8,,1.1,,95,,,,14,,13,,24.1,,100.24,,,,,,Rain Showers
-125.27,49.95,CAMPBELL RIVER A,1021267,4/12/2022 21:00,2022,4.00,12,21:00,,,,,,,,,,,,,,,,,,,,,
-125.27,49.95,CAMPBELL RIVER A,1021267,4/12/2022 22:00,2022,4.00,12,22:00,,,,,,,,,,,,,,,,,,,,,
-125.27,49.95,CAMPBELL RIVER A,1021267,4/12/2022 23:00,2022,4.00,12,23:00,,,,,,,,,,,,,,,,,,,,,
-125.27,49.95,CAMPBELL RIVER A,1021267,4/13/2022 0:00,2022,4.00,13,0:00,,,,,,,,,,,,,,,,,,,,,
-125.27,49.95,CAMPBELL RIVER A,1021267,4/13/2022 1:00,2022,4.00,13,1:00,,,,,,,,,,,,,,,,,,,,,
-125.27,49.95,CAMPBELL RIVER A,1021267,4/13/2022 2:00,2022,4.00,13,2:00,,,,,,,,,,,,,,,,,,,,,
-125.27,49.95,CAMPBELL RIVER A,1021267,4/13/2022 3:00,2022,4.00,13,3:00,,,,,,,,,,,,,,,,,,,,,
-125.27,49.95,CAMPBELL RIVER A,1021267,4/13/2022 4:00,2022,4.00,13,4:00,,,,,,,,,,,,,,,,,,,,,
-125.27,49.95,CAMPBELL RIVER A,1021267,4/13/2022 5:00,2022,4.00,13,5:00,0.2,,0.2,,100,,,,29,,6,,24.1,,100.39,,,,,,NA
-125.27,49.95,CAMPBELL RIVER A,1021267,4/13/2022 6:00,2022,4.00,13,6:00,-0.2,,-0.2,,100,,,,29,,5,,40.2,,100.38,,,,-2,,NA
-125.27,49.95,CAMPBELL RIVER A,1021267,4/13/2022 7:00,2022,4.00,13,7:00,0.2,,0.1,,100,,,,30,,3,,32.2,,100.42,,,,,,Mostly Cloudy
-125.27,49.95,CAMPBELL RIVER A,1021267,4/13/2022 8:00,2022,4.00,13,8:00,2.9,,2.5,,97,,,,32,,10,,40.2,,100.43,,,,,,NA
-125.27,49.95,CAMPBELL RIVER A,1021267,4/13/2022 9:00,2022,4.00,13,9:00,4.9,,1,,76,,,,27,,7,,40.2,,100.44,,,,,,NA
-125.27,49.95,CAMPBELL RIVER A,1021267,4/13/2022 10:00,2022,4.00,13,10:00,5.7,,-2.1,,57,,,,33,,10,,48.3,,100.44,,,,,,Mostly Cloudy
-125.27,49.95,CAMPBELL RIVER A,1021267,4/13/2022 11:00,2022,4.00,13,11:00,7.6,,0.2,,60,,,,35,,9,,40.2,,100.44,,,,,,NA
-125.27,49.95,CAMPBELL RIVER A,1021267,4/13/2022 12:00,2022,4.00,13,12:00,8.8,,-1.4,,49,,,,6,,12,,40.2,,100.41,,,,,,NA
-125.27,49.95,CAMPBELL RIVER A,1021267,4/13/2022 13:00,2022,4.00,13,13:00,8.5,,0.4,,56,,,,6,,15,,48.3,,100.37,,,,,,Mostly Cloudy
-125.27,49.95,CAMPBELL RIVER A,1021267,4/13/2022 14:00,2022,4.00,13,14:00,8.8,,1.4,,59,,,,11,,14,,40.2,,100.35,,,,,,NA
-125.27,49.95,CAMPBELL RIVER A,1021267,4/13/2022 15:00,2022,4.00,13,15:00,8.3,,1.1,,60,,,,14,,11,,40.2,,100.34,,,,,,NA
-125.27,49.95,CAMPBELL RIVER A,1021267,4/13/2022 16:00,2022,4.00,13,16:00,7.5,,-3.3,,46,,,,10,,10,,48.3,,100.33,,,,,,Mostly Cloudy
-125.27,49.95,CAMPBELL RIVER A,1021267,4/13/2022 17:00,2022,4.00,13,17:00,7.5,,-2.4,,50,,,,10,,8,,48.3,,100.33,,,,,,NA
-125.27,49.95,CAMPBELL RIVER A,1021267,4/13/2022 18:00,2022,4.00,13,18:00,6.4,,0,,63,,,,,,0,,48.3,,100.31,,,,,,NA
-125.27,49.95,CAMPBELL RIVER A,1021267,4/13/2022 19:00,2022,4.00,13,19:00,4.7,,1.6,,80,,,,25,,5,,48.3,,100.29,,,,,,Mostly Cloudy
-125.27,49.95,CAMPBELL RIVER A,1021267,4/13/2022 20:00,2022,4.00,13,20:00,3,,1.5,,90,,,,16,,3,,24.1,,100.31,,,,,,NA
-125.27,49.95,CAMPBELL RIVER A,1021267,4/13/2022 21:00,2022,4.00,13,21:00,,,,,,,,,,,,,,,,,,,,,
-125.27,49.95,CAMPBELL RIVER A,1021267,4/13/2022 22:00,2022,4.00,13,22:00,,,,,,,,,,,,,,,,,,,,,
-125.27,49.95,CAMPBELL RIVER A,1021267,4/13/2022 23:00,2022,4.00,13,23:00,,,,,,,,,,,,,,,,,,,,,
-125.27,49.95,CAMPBELL RIVER A,1021267,4/14/2022 0:00,2022,4.00,14,0:00,,,,,,,,,,,,,,,,,,,,,
-125.27,49.95,CAMPBELL RIVER A,1021267,4/14/2022 1:00,2022,4.00,14,1:00,,,,,,,,,,,,,,,,,,,,,
-125.27,49.95,CAMPBELL RIVER A,1021267,4/14/2022 2:00,2022,4.00,14,2:00,,,,,,,,,,,,,,,,,,,,,
-125.27,49.95,CAMPBELL RIVER A,1021267,4/14/2022 3:00,2022,4.00,14,3:00,,,,,,,,,,,,,,,,,,,,,
-125.27,49.95,CAMPBELL RIVER A,1021267,4/14/2022 4:00,2022,4.00,14,4:00,,,,,,,,,,,,,,,,,,,,,
-125.27,49.95,CAMPBELL RIVER A,1021267,4/14/2022 5:00,2022,4.00,14,5:00,-2.9,,-3.4,,96,,,,30,,5,,24.1,,100.16,,,,-5,,NA
-125.27,49.95,CAMPBELL RIVER A,1021267,4/14/2022 6:00,2022,4.00,14,6:00,-1.9,,-2.1,,98,,,,29,,4,,48.3,,100.16,,,,-3,,NA
-125.27,49.95,CAMPBELL RIVER A,1021267,4/14/2022 7:00,2022,4.00,14,7:00,2.6,,1,,89,,,,31,,8,,48.3,,100.17,,,,,,Mainly Clear
-125.27,49.95,CAMPBELL RIVER A,1021267,4/14/2022 8:00,2022,4.00,14,8:00,5.7,,-0.7,,64,,,,30,,10,,48.3,,100.17,,,,,,NA
-125.27,49.95,CAMPBELL RIVER A,1021267,4/14/2022 9:00,2022,4.00,14,9:00,7,,-3.4,,47,,,,32,,13,,48.3,,100.16,,,,,,NA
-125.27,49.95,CAMPBELL RIVER A,1021267,4/14/2022 10:00,2022,4.00,14,10:00,8,,-5.2,,39,,,,32,,13,,48.3,,100.14,,,,,,Mainly Clear
-125.27,49.95,CAMPBELL RIVER A,1021267,4/14/2022 11:00,2022,4.00,14,11:00,9,,-7.1,,31,,,,36,,3,,48.3,,100.11,,,,,,NA
-125.27,49.95,CAMPBELL RIVER A,1021267,4/14/2022 12:00,2022,4.00,14,12:00,10.2,,-9.3,,24,,,,10,,16,,48.3,,100.1,,,,,,NA
-125.27,49.95,CAMPBELL RIVER A,1021267,4/14/2022 13:00,2022,4.00,14,13:00,10.4,,-9.4,,24,,,,1,,10,,48.3,,100.06,,,,,,Mostly Cloudy
-125.27,49.95,CAMPBELL RIVER A,1021267,4/14/2022 14:00,2022,4.00,14,14:00,11.1,,-9,,24,,,,9,,15,,48.3,,100.05,,,,,,NA
-125.27,49.95,CAMPBELL RIVER A,1021267,4/14/2022 15:00,2022,4.00,14,15:00,9.3,,-10,,24,,,,4,,9,,48.3,,100.06,,,,,,NA
-125.27,49.95,CAMPBELL RIVER A,1021267,4/14/2022 16:00,2022,4.00,14,16:00,9.2,,-7,,31,,,,33,,5,,48.3,,100.05,,,,,,Mostly Cloudy
-125.27,49.95,CAMPBELL RIVER A,1021267,4/14/2022 17:00,2022,4.00,14,17:00,9.8,,-4.1,,37,,,,21,,9,,48.3,,100.04,,,,,,NA
-125.27,49.95,CAMPBELL RIVER A,1021267,4/14/2022 18:00,2022,4.00,14,18:00,6.9,,-3,,49,,,,28,,8,,48.3,,100.08,,,,,,NA
-125.27,49.95,CAMPBELL RIVER A,1021267,4/14/2022 19:00,2022,4.00,14,19:00,5.2,,-2.1,,59,,,,31,,10,,48.3,,100.1,,,,,,Mostly Cloudy
-125.27,49.95,CAMPBELL RIVER A,1021267,4/14/2022 20:00,2022,4.00,14,20:00,4.3,,-3,,59,,,,29,,9,,24.1,,100.14,,,,,,NA
-125.27,49.95,CAMPBELL RIVER A,1021267,4/14/2022 21:00,2022,4.00,14,21:00,,,,,,,,,,,,,,,,,,,,,
-125.27,49.95,CAMPBELL RIVER A,1021267,4/14/2022 22:00,2022,4.00,14,22:00,,,,,,,,,,,,,,,,,,,,,
-125.27,49.95,CAMPBELL RIVER A,1021267,4/14/2022 23:00,2022,4.00,14,23:00,,,,,,,,,,,,,,,,,,,,,
-125.27,49.95,CAMPBELL RIVER A,1021267,4/15/2022 0:00,2022,4.00,15,0:00,,,,,,,,,,,,,,,,,,,,,
-125.27,49.95,CAMPBELL RIVER A,1021267,4/15/2022 1:00,2022,4.00,15,1:00,,,,,,,,,,,,,,,,,,,,,
-125.27,49.95,CAMPBELL RIVER A,1021267,4/15/2022 2:00,2022,4.00,15,2:00,,,,,,,,,,,,,,,,,,,,,
-125.27,49.95,CAMPBELL RIVER A,1021267,4/15/2022 3:00,2022,4.00,15,3:00,,,,,,,,,,,,,,,,,,,,,
-125.27,49.95,CAMPBELL RIVER A,1021267,4/15/2022 4:00,2022,4.00,15,4:00,,,,,,,,,,,,,,,,,,,,,
-125.27,49.95,CAMPBELL RIVER A,1021267,4/15/2022 5:00,2022,4.00,15,5:00,-3.1,,-3.4,,98,,,,25,,6,,48.3,,100.35,,,,-6,,NA
-125.27,49.95,CAMPBELL RIVER A,1021267,4/15/2022 6:00,2022,4.00,15,6:00,-3.9,,-4.3,,97,,,,,,0,,48.3,,100.4,,,,,,NA
-125.27,49.95,CAMPBELL RIVER A,1021267,4/15/2022 7:00,2022,4.00,15,7:00,-0.4,,-0.9,,96,,,,31,,3,,48.3,,100.46,,,,-1,,Mainly Clear
-125.27,49.95,CAMPBELL RIVER A,1021267,4/15/2022 8:00,2022,4.00,15,8:00,4.2,,-2.2,,63,,,,32,,6,,48.3,,100.49,,,,,,NA
-125.27,49.95,CAMPBELL RIVER A,1021267,4/15/2022 9:00,2022,4.00,15,9:00,6.1,,-3.6,,50,,,,10,,5,,48.3,,100.52,,,,,,NA
-125.27,49.95,CAMPBELL RIVER A,1021267,4/15/2022 10:00,2022,4.00,15,10:00,7.1,,-1.9,,53,,,,7,,11,,48.3,,100.54,,,,,,Mainly Clear
-125.27,49.95,CAMPBELL RIVER A,1021267,4/15/2022 11:00,2022,4.00,15,11:00,8,,-2.2,,48,,,,9,,11,,48.3,,100.56,,,,,,NA
-125.27,49.95,CAMPBELL RIVER A,1021267,4/15/2022 12:00,2022,4.00,15,12:00,7.8,,-2.6,,48,,,,10,,16,,48.3,,100.54,,,,,,NA
-125.27,49.95,CAMPBELL RIVER A,1021267,4/15/2022 13:00,2022,4.00,15,13:00,7.5,,3.3,,74,,,,11,,22,,48.3,,100.57,,,,,,Mostly Cloudy
-125.27,49.95,CAMPBELL RIVER A,1021267,4/15/2022 14:00,2022,4.00,15,14:00,6.9,,1.7,,69,,,,15,,19,,48.3,,100.59,,,,,,Thunderstorms
-125.27,49.95,CAMPBELL RIVER A,1021267,4/15/2022 15:00,2022,4.00,15,15:00,6.7,,-0.8,,59,,,,15,,14,,48.3,,100.55,,,,,,NA
-125.27,49.95,CAMPBELL RIVER A,1021267,4/15/2022 16:00,2022,4.00,15,16:00,6.2,,-1,,60,,,,,,0,,48.3,,100.57,,,,,,Cloudy
-125.27,49.95,CAMPBELL RIVER A,1021267,4/15/2022 17:00,2022,4.00,15,17:00,6.5,,-0.4,,62,,,,31,,8,,48.3,,100.56,,,,,,NA
-125.27,49.95,CAMPBELL RIVER A,1021267,4/15/2022 18:00,2022,4.00,15,18:00,6.2,,-0.5,,62,,,,29,,7,,48.3,,100.53,,,,,,NA
-125.27,49.95,CAMPBELL RIVER A,1021267,4/15/2022 19:00,2022,4.00,15,19:00,4.1,,-0.8,,71,,,,30,,10,,48.3,,100.52,,,,,,Mostly Cloudy
-125.27,49.95,CAMPBELL RIVER A,1021267,4/15/2022 20:00,2022,4.00,15,20:00,1.3,,-0.9,,86,,,,28,,6,,24.1,,100.53,,,,,,NA
-125.27,49.95,CAMPBELL RIVER A,1021267,4/15/2022 21:00,2022,4.00,15,21:00,,,,,,,,,,,,,,,,,,,,,
-125.27,49.95,CAMPBELL RIVER A,1021267,4/15/2022 22:00,2022,4.00,15,22:00,,,,,,,,,,,,,,,,,,,,,
-125.27,49.95,CAMPBELL RIVER A,1021267,4/15/2022 23:00,2022,4.00,15,23:00,,,,,,,,,,,,,,,,,,,,,
-125.27,49.95,CAMPBELL RIVER A,1021267,4/16/2022 0:00,2022,4.00,16,0:00,,,,,,,,,,,,,,,,,,,,,
-125.27,49.95,CAMPBELL RIVER A,1021267,4/16/2022 1:00,2022,4.00,16,1:00,,,,,,,,,,,,,,,,,,,,,
-125.27,49.95,CAMPBELL RIVER A,1021267,4/16/2022 2:00,2022,4.00,16,2:00,,,,,,,,,,,,,,,,,,,,,
-125.27,49.95,CAMPBELL RIVER A,1021267,4/16/2022 3:00,2022,4.00,16,3:00,,,,,,,,,,,,,,,,,,,,,
-125.27,49.95,CAMPBELL RIVER A,1021267,4/16/2022 4:00,2022,4.00,16,4:00,,,,,,,,,,,,,,,,,,,,,
-125.27,49.95,CAMPBELL RIVER A,1021267,4/16/2022 5:00,2022,4.00,16,5:00,-3.1,,-3.3,,98,,,,27,,4,,48.3,,100.2,,,,-5,,NA
-125.27,49.95,CAMPBELL RIVER A,1021267,4/16/2022 6:00,2022,4.00,16,6:00,-3,,-3.3,,98,,,,28,,3,,48.3,,100.16,,,,-4,,NA
-125.27,49.95,CAMPBELL RIVER A,1021267,4/16/2022 7:00,2022,4.00,16,7:00,1.9,,0.1,,88,,,,32,,9,,48.3,,100.14,,,,,,Mainly Clear
-125.27,49.95,CAMPBELL RIVER A,1021267,4/16/2022 8:00,2022,4.00,16,8:00,5.2,,-0.4,,67,,,,32,,13,,48.3,,100.11,,,,,,NA
-125.27,49.95,CAMPBELL RIVER A,1021267,4/16/2022 9:00,2022,4.00,16,9:00,6.9,,-0.8,,58,,,,33,,22,,48.3,,100.07,,,,,,NA
-125.27,49.95,CAMPBELL RIVER A,1021267,4/16/2022 10:00,2022,4.00,16,10:00,8.2,,-1.8,,49,,,,31,,9,,48.3,,100.04,,,,,,Mainly Clear
-125.27,49.95,CAMPBELL RIVER A,1021267,4/16/2022 11:00,2022,4.00,16,11:00,10.2,,-3,,39,,,,31,,14,,48.3,,100.01,,,,,,NA
-125.27,49.95,CAMPBELL RIVER A,1021267,4/16/2022 12:00,2022,4.00,16,12:00,11,,-3.5,,36,,,,34,,16,,48.3,,99.98,,,,,,NA
-125.27,49.95,CAMPBELL RIVER A,1021267,4/16/2022 13:00,2022,4.00,16,13:00,11.1,,-5.1,,32,,,,30,,4,,48.3,,99.97,,,,,,Mostly Cloudy
-125.27,49.95,CAMPBELL RIVER A,1021267,4/16/2022 14:00,2022,4.00,16,14:00,11.1,,-6.6,,28,,,,34,,9,,48.3,,99.98,,,,,,NA
-125.27,49.95,CAMPBELL RIVER A,1021267,4/16/2022 15:00,2022,4.00,16,15:00,10.6,,-8.8,,25,,,,,,0,,48.3,,99.98,,,,,,NA
-125.27,49.95,CAMPBELL RIVER A,1021267,4/16/2022 16:00,2022,4.00,16,16:00,9.4,,-4.9,,36,,,,17,,5,,48.3,,100.01,,,,,,Mostly Cloudy
-125.27,49.95,CAMPBELL RIVER A,1021267,4/16/2022 17:00,2022,4.00,16,17:00,11.7,,-6.4,,28,,,,13,,7,,48.3,,100.04,,,,,,NA
-125.27,49.95,CAMPBELL RIVER A,1021267,4/16/2022 18:00,2022,4.00,16,18:00,7.4,,-2.9,,48,,,,25,,5,,48.3,,100.09,,,,,,NA
-125.27,49.95,CAMPBELL RIVER A,1021267,4/16/2022 19:00,2022,4.00,16,19:00,4,,-1,,70,,,,31,,4,,48.3,,100.17,,,,,,Mostly Cloudy
-125.27,49.95,CAMPBELL RIVER A,1021267,4/16/2022 20:00,2022,4.00,16,20:00,7.2,,-2.2,,51,,,,28,,13,,24.1,,100.28,,,,,,NA
-125.27,49.95,CAMPBELL RIVER A,1021267,4/16/2022 21:00,2022,4.00,16,21:00,,,,,,,,,,,,,,,,,,,,,
-125.27,49.95,CAMPBELL RIVER A,1021267,4/16/2022 22:00,2022,4.00,16,22:00,,,,,,,,,,,,,,,,,,,,,
-125.27,49.95,CAMPBELL RIVER A,1021267,4/16/2022 23:00,2022,4.00,16,23:00,,,,,,,,,,,,,,,,,,,,,
-125.27,49.95,CAMPBELL RIVER A,1021267,4/17/2022 0:00,2022,4.00,17,0:00,,,,,,,,,,,,,,,,,,,,,
-125.27,49.95,CAMPBELL RIVER A,1021267,4/17/2022 1:00,2022,4.00,17,1:00,,,,,,,,,,,,,,,,,,,,,
-125.27,49.95,CAMPBELL RIVER A,1021267,4/17/2022 2:00,2022,4.00,17,2:00,,,,,,,,,,,,,,,,,,,,,
-125.27,49.95,CAMPBELL RIVER A,1021267,4/17/2022 3:00,2022,4.00,17,3:00,,,,,,,,,,,,,,,,,,,,,
-125.27,49.95,CAMPBELL RIVER A,1021267,4/17/2022 4:00,2022,4.00,17,4:00,,,,,,,,,,,,,,,,,,,,,
-125.27,49.95,CAMPBELL RIVER A,1021267,4/17/2022 5:00,2022,4.00,17,5:00,-2.7,,-3,,98,,,,27,,4,,48.3,,100.94,,,,-4,,NA
-125.27,49.95,CAMPBELL RIVER A,1021267,4/17/2022 6:00,2022,4.00,17,6:00,-2.2,,-2.5,,98,,,,31,,5,,48.3,,101,,,,-4,,NA
-125.27,49.95,CAMPBELL RIVER A,1021267,4/17/2022 7:00,2022,4.00,17,7:00,0.9,,0,,94,,,,32,,5,,48.3,,101.06,,,,,,Mostly Cloudy
-125.27,49.95,CAMPBELL RIVER A,1021267,4/17/2022 8:00,2022,4.00,17,8:00,4.9,,1.5,,79,,,,31,,6,,48.3,,101.09,,,,,,NA
-125.27,49.95,CAMPBELL RIVER A,1021267,4/17/2022 9:00,2022,4.00,17,9:00,7.6,,2.7,,71,,,,13,,18,,48.3,,101.1,,,,,,NA
-125.27,49.95,CAMPBELL RIVER A,1021267,4/17/2022 10:00,2022,4.00,17,10:00,8.6,,2.3,,65,,,,12,,22,,48.3,,101.06,,,,,,Mainly Clear
-125.27,49.95,CAMPBELL RIVER A,1021267,4/17/2022 11:00,2022,4.00,17,11:00,9.5,,0.2,,52,,,,12,,23,,48.3,,101.04,,,,,,NA
-125.27,49.95,CAMPBELL RIVER A,1021267,4/17/2022 12:00,2022,4.00,17,12:00,10.3,,1.6,,55,,,,12,,26,,48.3,,101,,,,,,NA
-125.27,49.95,CAMPBELL RIVER A,1021267,4/17/2022 13:00,2022,4.00,17,13:00,10,,0.7,,52,,,,10,,23,,48.3,,100.92,,,,,,Mostly Cloudy
-125.27,49.95,CAMPBELL RIVER A,1021267,4/17/2022 14:00,2022,4.00,17,14:00,10.2,,0.2,,50,,,,14,,26,,48.3,,100.89,,,,,,NA
-125.27,49.95,CAMPBELL RIVER A,1021267,4/17/2022 15:00,2022,4.00,17,15:00,10.3,,0.3,,50,,,,16,,20,,48.3,,100.81,,,,,,NA
-125.27,49.95,CAMPBELL RIVER A,1021267,4/17/2022 16:00,2022,4.00,17,16:00,10.4,,-2.4,,41,,,,13,,28,,48.3,,100.71,,,,,,Mostly Cloudy
-125.27,49.95,CAMPBELL RIVER A,1021267,4/17/2022 17:00,2022,4.00,17,17:00,9.7,,-5.2,,34,,,,14,,22,,48.3,,100.6,,,,,,NA
-125.27,49.95,CAMPBELL RIVER A,1021267,4/17/2022 18:00,2022,4.00,17,18:00,8.8,,-3.3,,42,,,,14,,17,,48.3,,100.5,,,,,,NA
-125.27,49.95,CAMPBELL RIVER A,1021267,4/17/2022 19:00,2022,4.00,17,19:00,8.1,,-2,,49,,,,14,,19,,48.3,,100.41,,,,,,Cloudy
-125.27,49.95,CAMPBELL RIVER A,1021267,4/17/2022 20:00,2022,4.00,17,20:00,6.8,,-0.6,,59,,,,14,,8,,24.1,,100.3,,,,,,NA
-125.27,49.95,CAMPBELL RIVER A,1021267,4/17/2022 21:00,2022,4.00,17,21:00,,,,,,,,,,,,,,,,,,,,,
-125.27,49.95,CAMPBELL RIVER A,1021267,4/17/2022 22:00,2022,4.00,17,22:00,,,,,,,,,,,,,,,,,,,,,
-125.27,49.95,CAMPBELL RIVER A,1021267,4/17/2022 23:00,2022,4.00,17,23:00,,,,,,,,,,,,,,,,,,,,,
-125.27,49.95,CAMPBELL RIVER A,1021267,4/18/2022 0:00,2022,4.00,18,0:00,,,,,,,,,,,,,,,,,,,,,
-125.27,49.95,CAMPBELL RIVER A,1021267,4/18/2022 1:00,2022,4.00,18,1:00,,,,,,,,,,,,,,,,,,,,,
-125.27,49.95,CAMPBELL RIVER A,1021267,4/18/2022 2:00,2022,4.00,18,2:00,,,,,,,,,,,,,,,,,,,,,
-125.27,49.95,CAMPBELL RIVER A,1021267,4/18/2022 3:00,2022,4.00,18,3:00,,,,,,,,,,,,,,,,,,,,,
-125.27,49.95,CAMPBELL RIVER A,1021267,4/18/2022 4:00,2022,4.00,18,4:00,,,,,,,,,,,,,,,,,,,,,
-125.27,49.95,CAMPBELL RIVER A,1021267,4/18/2022 5:00,2022,4.00,18,5:00,4.7,,4,,95,,,,13,,39,,4.8,,99.51,,,,,,"Moderate Rain,Fog"
-125.27,49.95,CAMPBELL RIVER A,1021267,4/18/2022 6:00,2022,4.00,18,6:00,4.4,,3.8,,95,,,,13,,30,,4.8,,99.43,,,,,,"Moderate Rain,Fog"
-125.27,49.95,CAMPBELL RIVER A,1021267,4/18/2022 7:00,2022,4.00,18,7:00,4.4,,3.7,,95,,,,13,,31,,8.1,,99.37,,,,,,"Moderate Rain,Fog"
-125.27,49.95,CAMPBELL RIVER A,1021267,4/18/2022 8:00,2022,4.00,18,8:00,4.6,,3.7,,94,,,,13,,34,,6.4,,99.28,,,,,,"Rain,Fog"
-125.27,49.95,CAMPBELL RIVER A,1021267,4/18/2022 9:00,2022,4.00,18,9:00,5,,4.2,,95,,,,13,,22,,6.4,,99.17,,,,,,"Rain,Fog"
-125.27,49.95,CAMPBELL RIVER A,1021267,4/18/2022 10:00,2022,4.00,18,10:00,5.4,,4.6,,95,,,,14,,23,,6.4,,99.08,,,,,,"Rain,Fog"
-125.27,49.95,CAMPBELL RIVER A,1021267,4/18/2022 11:00,2022,4.00,18,11:00,6,,5.2,,95,,,,14,,18,,6.4,,98.97,,,,,,"Rain,Fog"
-125.27,49.95,CAMPBELL RIVER A,1021267,4/18/2022 12:00,2022,4.00,18,12:00,5.8,,5.2,,96,,,,15,,15,,6.4,,98.89,,,,,,"Rain,Fog"
-125.27,49.95,CAMPBELL RIVER A,1021267,4/18/2022 13:00,2022,4.00,18,13:00,5.8,,5.1,,95,,,,14,,15,,6.4,,98.79,,,,,,"Rain,Fog"
-125.27,49.95,CAMPBELL RIVER A,1021267,4/18/2022 14:00,2022,4.00,18,14:00,5.9,,5.2,,95,,,,14,,8,,6.4,,98.73,,,,,,"Rain,Fog"
-125.27,49.95,CAMPBELL RIVER A,1021267,4/18/2022 15:00,2022,4.00,18,15:00,6.1,,5.3,,95,,,,14,,8,,8.1,,98.66,,,,,,"Rain,Fog"
-125.27,49.95,CAMPBELL RIVER A,1021267,4/18/2022 16:00,2022,4.00,18,16:00,6.4,,5.5,,94,,,,27,,3,,9.7,,98.61,,,,,,"Rain,Fog"
-125.27,49.95,CAMPBELL RIVER A,1021267,4/18/2022 17:00,2022,4.00,18,17:00,5.8,,5,,95,,,,27,,7,,12.9,,98.6,,,,,,Rain
-125.27,49.95,CAMPBELL RIVER A,1021267,4/18/2022 18:00,2022,4.00,18,18:00,5.5,,5,,96,,,,1,,10,,24.1,,98.57,,,,,,NA
-125.27,49.95,CAMPBELL RIVER A,1021267,4/18/2022 19:00,2022,4.00,18,19:00,4.2,,3.4,,94,,,,3,,4,,32.2,,98.62,,,,,,Cloudy
-125.27,49.95,CAMPBELL RIVER A,1021267,4/18/2022 20:00,2022,4.00,18,20:00,3.6,,3,,96,,,,,,0,,24.1,,98.78,,,,,,NA
-125.27,49.95,CAMPBELL RIVER A,1021267,4/18/2022 21:00,2022,4.00,18,21:00,,,,,,,,,,,,,,,,,,,,,
-125.27,49.95,CAMPBELL RIVER A,1021267,4/18/2022 22:00,2022,4.00,18,22:00,,,,,,,,,,,,,,,,,,,,,
-125.27,49.95,CAMPBELL RIVER A,1021267,4/18/2022 23:00,2022,4.00,18,23:00,,,,,,,,,,,,,,,,,,,,,
-125.27,49.95,CAMPBELL RIVER A,1021267,4/19/2022 0:00,2022,4.00,19,0:00,,,,,,,,,,,,,,,,,,,,,
-125.27,49.95,CAMPBELL RIVER A,1021267,4/19/2022 1:00,2022,4.00,19,1:00,,,,,,,,,,,,,,,,,,,,,
-125.27,49.95,CAMPBELL RIVER A,1021267,4/19/2022 2:00,2022,4.00,19,2:00,,,,,,,,,,,,,,,,,,,,,
-125.27,49.95,CAMPBELL RIVER A,1021267,4/19/2022 3:00,2022,4.00,19,3:00,,,,,,,,,,,,,,,,,,,,,
-125.27,49.95,CAMPBELL RIVER A,1021267,4/19/2022 4:00,2022,4.00,19,4:00,,,,,,,,,,,,,,,,,,,,,
-125.27,49.95,CAMPBELL RIVER A,1021267,4/19/2022 5:00,2022,4.00,19,5:00,-0.8,,-0.8,,100,,,,24,,4,,48.3,,99.35,,,,-2,,NA
-125.27,49.95,CAMPBELL RIVER A,1021267,4/19/2022 6:00,2022,4.00,19,6:00,-1,,-1,,100,,,,36,,3,,48.3,,99.42,,,,-2,,NA
-125.27,49.95,CAMPBELL RIVER A,1021267,4/19/2022 7:00,2022,4.00,19,7:00,2.2,,2.2,,100,,,,32,,4,,48.3,,99.5,,,,,,Mostly Cloudy
-125.27,49.95,CAMPBELL RIVER A,1021267,4/19/2022 8:00,2022,4.00,19,8:00,5.3,,2.3,,81,,,,36,,4,,48.3,,99.57,,,,,,NA
-125.27,49.95,CAMPBELL RIVER A,1021267,4/19/2022 9:00,2022,4.00,19,9:00,6.7,,4.1,,83,,,,3,,6,,48.3,,99.63,,,,,,NA
-125.27,49.95,CAMPBELL RIVER A,1021267,4/19/2022 10:00,2022,4.00,19,10:00,7.6,,2.8,,71,,,,2,,5,,48.3,,99.68,,,,,,Mostly Cloudy
-125.27,49.95,CAMPBELL RIVER A,1021267,4/19/2022 11:00,2022,4.00,19,11:00,8.4,,4.2,,75,,,,11,,12,,48.3,,99.71,,,,,,NA
-125.27,49.95,CAMPBELL RIVER A,1021267,4/19/2022 12:00,2022,4.00,19,12:00,8.9,,1.4,,59,,,,13,,8,,48.3,,99.73,,,,,,NA
-125.27,49.95,CAMPBELL RIVER A,1021267,4/19/2022 13:00,2022,4.00,19,13:00,9.7,,0.2,,51,,,,7,,17,,48.3,,99.73,,,,,,Mostly Cloudy
-125.27,49.95,CAMPBELL RIVER A,1021267,4/19/2022 14:00,2022,4.00,19,14:00,10.2,,-0.1,,49,,,,9,,10,,48.3,,99.73,,,,,,NA
-125.27,49.95,CAMPBELL RIVER A,1021267,4/19/2022 15:00,2022,4.00,19,15:00,11.5,,-0.4,,44,,,,13,,18,,48.3,,99.72,,,,,,NA
-125.27,49.95,CAMPBELL RIVER A,1021267,4/19/2022 16:00,2022,4.00,19,16:00,11,,-0.8,,44,,,,11,,17,,48.3,,99.71,,,,,,Mainly Clear
-125.27,49.95,CAMPBELL RIVER A,1021267,4/19/2022 17:00,2022,4.00,19,17:00,9.4,,0.1,,52,,,,11,,16,,48.3,,99.71,,,,,,NA
-125.27,49.95,CAMPBELL RIVER A,1021267,4/19/2022 18:00,2022,4.00,19,18:00,9.7,,1.6,,57,,,,11,,16,,48.3,,99.68,,,,,,NA
-125.27,49.95,CAMPBELL RIVER A,1021267,4/19/2022 19:00,2022,4.00,19,19:00,6.7,,2.6,,75,,,,14,,5,,48.3,,99.7,,,,,,Mainly Clear
-125.27,49.95,CAMPBELL RIVER A,1021267,4/19/2022 20:00,2022,4.00,19,20:00,3.5,,2.4,,93,,,,32,,4,,24.1,,99.74,,,,,,NA
-125.27,49.95,CAMPBELL RIVER A,1021267,4/19/2022 21:00,2022,4.00,19,21:00,,,,,,,,,,,,,,,,,,,,,
-125.27,49.95,CAMPBELL RIVER A,1021267,4/19/2022 22:00,2022,4.00,19,22:00,,,,,,,,,,,,,,,,,,,,,
-125.27,49.95,CAMPBELL RIVER A,1021267,4/19/2022 23:00,2022,4.00,19,23:00,,,,,,,,,,,,,,,,,,,,,
-125.27,49.95,CAMPBELL RIVER A,1021267,4/20/2022 0:00,2022,4.00,20,0:00,,,,,,,,,,,,,,,,,,,,,
-125.27,49.95,CAMPBELL RIVER A,1021267,4/20/2022 1:00,2022,4.00,20,1:00,,,,,,,,,,,,,,,,,,,,,
-125.27,49.95,CAMPBELL RIVER A,1021267,4/20/2022 2:00,2022,4.00,20,2:00,,,,,,,,,,,,,,,,,,,,,
-125.27,49.95,CAMPBELL RIVER A,1021267,4/20/2022 3:00,2022,4.00,20,3:00,,,,,,,,,,,,,,,,,,,,,
-125.27,49.95,CAMPBELL RIVER A,1021267,4/20/2022 4:00,2022,4.00,20,4:00,,,,,,,,,,,,,,,,,,,,,
-125.27,49.95,CAMPBELL RIVER A,1021267,4/20/2022 5:00,2022,4.00,20,5:00,4.1,,3.3,,95,,,,11,,7,,24.1,,99.58,,,,,,NA
-125.27,49.95,CAMPBELL RIVER A,1021267,4/20/2022 6:00,2022,4.00,20,6:00,4.7,,3.5,,93,,,,11,,11,,32.2,,99.5,,,,,,NA
-125.27,49.95,CAMPBELL RIVER A,1021267,4/20/2022 7:00,2022,4.00,20,7:00,5,,3.3,,89,,,,14,,12,,40.2,,99.43,,,,,,Cloudy
-125.27,49.95,CAMPBELL RIVER A,1021267,4/20/2022 8:00,2022,4.00,20,8:00,7.2,,3.1,,75,,,,14,,26,,32.2,,99.35,,,,,,NA
-125.27,49.95,CAMPBELL RIVER A,1021267,4/20/2022 9:00,2022,4.00,20,9:00,7.3,,3.3,,76,,,,11,,12,,40.2,,99.29,,,,,,NA
-125.27,49.95,CAMPBELL RIVER A,1021267,4/20/2022 10:00,2022,4.00,20,10:00,7.6,,1.8,,67,,,,13,,19,,40.2,,99.26,,,,,,Mostly Cloudy
-125.27,49.95,CAMPBELL RIVER A,1021267,4/20/2022 11:00,2022,4.00,20,11:00,8.9,,2.4,,64,,,,8,,17,,48.3,,99.17,,,,,,NA
-125.27,49.95,CAMPBELL RIVER A,1021267,4/20/2022 12:00,2022,4.00,20,12:00,8.8,,2.4,,64,,,,12,,16,,48.3,,99.12,,,,,,NA
-125.27,49.95,CAMPBELL RIVER A,1021267,4/20/2022 13:00,2022,4.00,20,13:00,10.8,,0.7,,49,,,,10,,20,,48.3,,99.06,,,,,,Cloudy
-125.27,49.95,CAMPBELL RIVER A,1021267,4/20/2022 14:00,2022,4.00,20,14:00,9.6,,1.1,,55,,,,12,,22,,48.3,,99.03,,,,,,NA
-125.27,49.95,CAMPBELL RIVER A,1021267,4/20/2022 15:00,2022,4.00,20,15:00,9.8,,-0.5,,49,,,,14,,39,,48.3,,99.04,,,,,,Rain Showers
-125.27,49.95,CAMPBELL RIVER A,1021267,4/20/2022 16:00,2022,4.00,20,16:00,8.2,,2.6,,68,,,,16,,19,,24.1,,98.98,,,,,,Rain Showers
-125.27,49.95,CAMPBELL RIVER A,1021267,4/20/2022 17:00,2022,4.00,20,17:00,8.4,,2.9,,68,,,,17,,8,,24.1,,98.97,,,,,,NA
-125.27,49.95,CAMPBELL RIVER A,1021267,4/20/2022 18:00,2022,4.00,20,18:00,7,,3.6,,79,,,,15,,13,,24.1,,98.98,,,,,,Rain
-125.27,49.95,CAMPBELL RIVER A,1021267,4/20/2022 19:00,2022,4.00,20,19:00,5.7,,4.5,,92,,,,16,,9,,19.3,,98.97,,,,,,Rain
-125.27,49.95,CAMPBELL RIVER A,1021267,4/20/2022 20:00,2022,4.00,20,20:00,5.5,,4.6,,94,,,,15,,20,,9.7,,98.96,,,,,,"Rain,Fog"
-125.27,49.95,CAMPBELL RIVER A,1021267,4/20/2022 21:00,2022,4.00,20,21:00,,,,,,,,,,,,,,,,,,,,,
-125.27,49.95,CAMPBELL RIVER A,1021267,4/20/2022 22:00,2022,4.00,20,22:00,,,,,,,,,,,,,,,,,,,,,
-125.27,49.95,CAMPBELL RIVER A,1021267,4/20/2022 23:00,2022,4.00,20,23:00,,,,,,,,,,,,,,,,,,,,,
-125.27,49.95,CAMPBELL RIVER A,1021267,4/21/2022 0:00,2022,4.00,21,0:00,,,,,,,,,,,,,,,,,,,,,
-125.27,49.95,CAMPBELL RIVER A,1021267,4/21/2022 1:00,2022,4.00,21,1:00,,,,,,,,,,,,,,,,,,,,,
-125.27,49.95,CAMPBELL RIVER A,1021267,4/21/2022 2:00,2022,4.00,21,2:00,,,,,,,,,,,,,,,,,,,,,
-125.27,49.95,CAMPBELL RIVER A,1021267,4/21/2022 3:00,2022,4.00,21,3:00,,,,,,,,,,,,,,,,,,,,,
-125.27,49.95,CAMPBELL RIVER A,1021267,4/21/2022 4:00,2022,4.00,21,4:00,,,,,,,,,,,,,,,,,,,,,
-125.27,49.95,CAMPBELL RIVER A,1021267,4/21/2022 5:00,2022,4.00,21,5:00,3.5,,3.4,,100,,,,27,,7,,24.1,,99.07,,,,,,NA
-125.27,49.95,CAMPBELL RIVER A,1021267,4/21/2022 6:00,2022,4.00,21,6:00,3.7,,3.7,,100,,,,29,,5,,24.1,,99.11,,,,,,NA
-125.27,49.95,CAMPBELL RIVER A,1021267,4/21/2022 7:00,2022,4.00,21,7:00,4.8,,4.7,,100,,,,27,,8,,40.2,,99.14,,,,,,Mostly Cloudy
-125.27,49.95,CAMPBELL RIVER A,1021267,4/21/2022 8:00,2022,4.00,21,8:00,5.6,,5.2,,97,,,,30,,8,,32.2,,99.2,,,,,,NA
-125.27,49.95,CAMPBELL RIVER A,1021267,4/21/2022 9:00,2022,4.00,21,9:00,6.8,,6,,95,,,,29,,7,,40.2,,99.24,,,,,,NA
-125.27,49.95,CAMPBELL RIVER A,1021267,4/21/2022 10:00,2022,4.00,21,10:00,7.2,,5.6,,90,,,,,,0,,16.1,,99.31,,,,,,Rain Showers
-125.27,49.95,CAMPBELL RIVER A,1021267,4/21/2022 11:00,2022,4.00,21,11:00,7.6,,6.1,,90,,,,13,,8,,9.7,,99.4,,,,,,"Rain Showers,Fog"
-125.27,49.95,CAMPBELL RIVER A,1021267,4/21/2022 12:00,2022,4.00,21,12:00,7.3,,5.8,,91,,,,12,,15,,12.9,,99.49,,,,,,Rain Showers
-125.27,49.95,CAMPBELL RIVER A,1021267,4/21/2022 13:00,2022,4.00,21,13:00,7.5,,5.8,,89,,,,13,,15,,12.9,,99.56,,,,,,Rain
-125.27,49.95,CAMPBELL RIVER A,1021267,4/21/2022 14:00,2022,4.00,21,14:00,7.6,,5.6,,87,,,,16,,7,,12.9,,99.62,,,,,,Rain
-125.27,49.95,CAMPBELL RIVER A,1021267,4/21/2022 15:00,2022,4.00,21,15:00,7.8,,6.5,,91,,,,9,,16,,19.3,,99.68,,,,,,Rain
-125.27,49.95,CAMPBELL RIVER A,1021267,4/21/2022 16:00,2022,4.00,21,16:00,7.6,,6.8,,95,,,,10,,13,,19.3,,99.74,,,,,,Rain
-125.27,49.95,CAMPBELL RIVER A,1021267,4/21/2022 17:00,2022,4.00,21,17:00,7.3,,6.6,,95,,,,10,,8,,16.1,,99.8,,,,,,NA
-125.27,49.95,CAMPBELL RIVER A,1021267,4/21/2022 18:00,2022,4.00,21,18:00,7.1,,6.5,,96,,,,4,,5,,12.9,,99.85,,,,,,NA
-125.27,49.95,CAMPBELL RIVER A,1021267,4/21/2022 19:00,2022,4.00,21,19:00,7.2,,6.8,,97,,,,9,,5,,9.7,,99.9,,,,,,"Rain Showers,Fog"
-125.27,49.95,CAMPBELL RIVER A,1021267,4/21/2022 20:00,2022,4.00,21,20:00,7.3,,7,,98,,,,5,,4,,16.1,,99.96,,,,,,NA
-125.27,49.95,CAMPBELL RIVER A,1021267,4/21/2022 21:00,2022,4.00,21,21:00,,,,,,,,,,,,,,,,,,,,,
-125.27,49.95,CAMPBELL RIVER A,1021267,4/21/2022 22:00,2022,4.00,21,22:00,,,,,,,,,,,,,,,,,,,,,
-125.27,49.95,CAMPBELL RIVER A,1021267,4/21/2022 23:00,2022,4.00,21,23:00,,,,,,,,,,,,,,,,,,,,,
-125.27,49.95,CAMPBELL RIVER A,1021267,4/22/2022 0:00,2022,4.00,22,0:00,,,,,,,,,,,,,,,,,,,,,
-125.27,49.95,CAMPBELL RIVER A,1021267,4/22/2022 1:00,2022,4.00,22,1:00,,,,,,,,,,,,,,,,,,,,,
-125.27,49.95,CAMPBELL RIVER A,1021267,4/22/2022 2:00,2022,4.00,22,2:00,,,,,,,,,,,,,,,,,,,,,
-125.27,49.95,CAMPBELL RIVER A,1021267,4/22/2022 3:00,2022,4.00,22,3:00,,,,,,,,,,,,,,,,,,,,,
-125.27,49.95,CAMPBELL RIVER A,1021267,4/22/2022 4:00,2022,4.00,22,4:00,,,,,,,,,,,,,,,,,,,,,
-125.27,49.95,CAMPBELL RIVER A,1021267,4/22/2022 5:00,2022,4.00,22,5:00,5,,4.9,,99,,,,29,,4,,24.1,,100.41,,,,,,NA
-125.27,49.95,CAMPBELL RIVER A,1021267,4/22/2022 6:00,2022,4.00,22,6:00,5.1,,5.1,,99,,,,,,0,,40.2,,100.47,,,,,,NA
-125.27,49.95,CAMPBELL RIVER A,1021267,4/22/2022 7:00,2022,4.00,22,7:00,6.2,,6,,99,,,,27,,9,,40.2,,100.54,,,,,,Cloudy
-125.27,49.95,CAMPBELL RIVER A,1021267,4/22/2022 8:00,2022,4.00,22,8:00,7,,5.8,,92,,,,32,,5,,32.2,,100.59,,,,,,NA
-125.27,49.95,CAMPBELL RIVER A,1021267,4/22/2022 9:00,2022,4.00,22,9:00,8.6,,6.3,,85,,,,30,,4,,32.2,,100.63,,,,,,NA
-125.27,49.95,CAMPBELL RIVER A,1021267,4/22/2022 10:00,2022,4.00,22,10:00,9.2,,5.6,,78,,,,4,,7,,32.2,,100.66,,,,,,Mostly Cloudy
-125.27,49.95,CAMPBELL RIVER A,1021267,4/22/2022 11:00,2022,4.00,22,11:00,11.2,,6.6,,73,,,,13,,13,,40.2,,100.67,,,,,,NA
-125.27,49.95,CAMPBELL RIVER A,1021267,4/22/2022 12:00,2022,4.00,22,12:00,11.8,,6,,68,,,,8,,9,,40.2,,100.69,,,,,,NA
-125.27,49.95,CAMPBELL RIVER A,1021267,4/22/2022 13:00,2022,4.00,22,13:00,11.8,,4.1,,59,,,,9,,5,,48.3,,100.7,,,,,,Mostly Cloudy
-125.27,49.95,CAMPBELL RIVER A,1021267,4/22/2022 14:00,2022,4.00,22,14:00,11.3,,3.4,,58,,,,11,,5,,32.2,,100.72,,,,,,Rain Showers
-125.27,49.95,CAMPBELL RIVER A,1021267,4/22/2022 15:00,2022,4.00,22,15:00,12,,7.6,,74,,,,14,,8,,48.3,,100.73,,,,,,NA
-125.27,49.95,CAMPBELL RIVER A,1021267,4/22/2022 16:00,2022,4.00,22,16:00,12.3,,6.1,,66,,,,21,,3,,48.3,,100.75,,,,,,Mostly Cloudy
-125.27,49.95,CAMPBELL RIVER A,1021267,4/22/2022 17:00,2022,4.00,22,17:00,12.1,,4,,57,,,,6,,8,,48.3,,100.79,,,,,,NA
-125.27,49.95,CAMPBELL RIVER A,1021267,4/22/2022 18:00,2022,4.00,22,18:00,11.9,,5.8,,66,,,,16,,6,,48.3,,100.78,,,,,,NA
-125.27,49.95,CAMPBELL RIVER A,1021267,4/22/2022 19:00,2022,4.00,22,19:00,9.3,,6.5,,83,,,,14,,5,,48.3,,100.81,,,,,,Mostly Cloudy
-125.27,49.95,CAMPBELL RIVER A,1021267,4/22/2022 20:00,2022,4.00,22,20:00,6.5,,5.7,,94,,,,,,0,,24.1,,100.85,,,,,,NA
-125.27,49.95,CAMPBELL RIVER A,1021267,4/22/2022 21:00,2022,4.00,22,21:00,,,,,,,,,,,,,,,,,,,,,
-125.27,49.95,CAMPBELL RIVER A,1021267,4/22/2022 22:00,2022,4.00,22,22:00,,,,,,,,,,,,,,,,,,,,,
-125.27,49.95,CAMPBELL RIVER A,1021267,4/22/2022 23:00,2022,4.00,22,23:00,,,,,,,,,,,,,,,,,,,,,
-125.27,49.95,CAMPBELL RIVER A,1021267,4/23/2022 0:00,2022,4.00,23,0:00,,,,,,,,,,,,,,,,,,,,,
-125.27,49.95,CAMPBELL RIVER A,1021267,4/23/2022 1:00,2022,4.00,23,1:00,,,,,,,,,,,,,,,,,,,,,
-125.27,49.95,CAMPBELL RIVER A,1021267,4/23/2022 2:00,2022,4.00,23,2:00,,,,,,,,,,,,,,,,,,,,,
-125.27,49.95,CAMPBELL RIVER A,1021267,4/23/2022 3:00,2022,4.00,23,3:00,,,,,,,,,,,,,,,,,,,,,
-125.27,49.95,CAMPBELL RIVER A,1021267,4/23/2022 4:00,2022,4.00,23,4:00,,,,,,,,,,,,,,,,,,,,,
-125.27,49.95,CAMPBELL RIVER A,1021267,4/23/2022 5:00,2022,4.00,23,5:00,2.6,,2.6,,100,,,,31,,3,,24.1,,101.22,,,,,,NA
-125.27,49.95,CAMPBELL RIVER A,1021267,4/23/2022 6:00,2022,4.00,23,6:00,3.9,,3.9,,100,,,,28,,3,,32.2,,101.26,,,,,,NA
-125.27,49.95,CAMPBELL RIVER A,1021267,4/23/2022 7:00,2022,4.00,23,7:00,4.8,,4.7,,99,,,,27,,4,,32.2,,101.3,,,,,,Mostly Cloudy
-125.27,49.95,CAMPBELL RIVER A,1021267,4/23/2022 8:00,2022,4.00,23,8:00,7.3,,5.7,,89,,,,12,,3,,32.2,,101.31,,,,,,NA
-125.27,49.95,CAMPBELL RIVER A,1021267,4/23/2022 9:00,2022,4.00,23,9:00,8.3,,6.2,,87,,,,12,,14,,32.2,,101.34,,,,,,NA
-125.27,49.95,CAMPBELL RIVER A,1021267,4/23/2022 10:00,2022,4.00,23,10:00,9.7,,6.5,,80,,,,9,,21,,40.2,,101.3,,,,,,Mostly Cloudy
-125.27,49.95,CAMPBELL RIVER A,1021267,4/23/2022 11:00,2022,4.00,23,11:00,10.1,,6.3,,77,,,,10,,21,,40.2,,101.32,,,,,,NA
-125.27,49.95,CAMPBELL RIVER A,1021267,4/23/2022 12:00,2022,4.00,23,12:00,10.2,,5.8,,74,,,,11,,17,,40.2,,101.31,,,,,,NA
-125.27,49.95,CAMPBELL RIVER A,1021267,4/23/2022 13:00,2022,4.00,23,13:00,10.7,,5.7,,71,,,,10,,16,,40.2,,101.27,,,,,,Cloudy
-125.27,49.95,CAMPBELL RIVER A,1021267,4/23/2022 14:00,2022,4.00,23,14:00,11,,5.6,,69,,,,9,,20,,40.2,,101.24,,,,,,NA
-125.27,49.95,CAMPBELL RIVER A,1021267,4/23/2022 15:00,2022,4.00,23,15:00,10.8,,6.1,,73,,,,11,,13,,48.3,,101.2,,,,,,NA
-125.27,49.95,CAMPBELL RIVER A,1021267,4/23/2022 16:00,2022,4.00,23,16:00,11.2,,6.6,,73,,,,9,,15,,48.3,,101.18,,,,,,Cloudy
-125.27,49.95,CAMPBELL RIVER A,1021267,4/23/2022 17:00,2022,4.00,23,17:00,12,,5.7,,65,,,,13,,19,,48.3,,101.13,,,,,,NA
-125.27,49.95,CAMPBELL RIVER A,1021267,4/23/2022 18:00,2022,4.00,23,18:00,11.4,,5.6,,67,,,,11,,13,,48.3,,101.07,,,,,,NA
-125.27,49.95,CAMPBELL RIVER A,1021267,4/23/2022 19:00,2022,4.00,23,19:00,10,,6.2,,77,,,,10,,6,,48.3,,101.08,,,,,,Cloudy
-125.27,49.95,CAMPBELL RIVER A,1021267,4/23/2022 20:00,2022,4.00,23,20:00,9.2,,6.5,,83,,,,10,,8,,24.1,,101.06,,,,,,NA
-125.27,49.95,CAMPBELL RIVER A,1021267,4/23/2022 21:00,2022,4.00,23,21:00,,,,,,,,,,,,,,,,,,,,,
-125.27,49.95,CAMPBELL RIVER A,1021267,4/23/2022 22:00,2022,4.00,23,22:00,,,,,,,,,,,,,,,,,,,,,
-125.27,49.95,CAMPBELL RIVER A,1021267,4/23/2022 23:00,2022,4.00,23,23:00,,,,,,,,,,,,,,,,,,,,,
-125.27,49.95,CAMPBELL RIVER A,1021267,4/24/2022 0:00,2022,4.00,24,0:00,,,,,,,,,,,,,,,,,,,,,
-125.27,49.95,CAMPBELL RIVER A,1021267,4/24/2022 1:00,2022,4.00,24,1:00,,,,,,,,,,,,,,,,,,,,,
-125.27,49.95,CAMPBELL RIVER A,1021267,4/24/2022 2:00,2022,4.00,24,2:00,,,,,,,,,,,,,,,,,,,,,
-125.27,49.95,CAMPBELL RIVER A,1021267,4/24/2022 3:00,2022,4.00,24,3:00,,,,,,,,,,,,,,,,,,,,,
-125.27,49.95,CAMPBELL RIVER A,1021267,4/24/2022 4:00,2022,4.00,24,4:00,,,,,,,,,,,,,,,,,,,,,
-125.27,49.95,CAMPBELL RIVER A,1021267,4/24/2022 5:00,2022,4.00,24,5:00,6.2,,5.8,,97,,,,31,,5,,40.2,,100.76,,,,,,NA
-125.27,49.95,CAMPBELL RIVER A,1021267,4/24/2022 6:00,2022,4.00,24,6:00,6.4,,6,,98,,,,,,0,,32.2,,100.74,,,,,,Rain
-125.27,49.95,CAMPBELL RIVER A,1021267,4/24/2022 7:00,2022,4.00,24,7:00,6.3,,6,,98,,,,29,,7,,32.2,,100.74,,,,,,Cloudy
-125.27,49.95,CAMPBELL RIVER A,1021267,4/24/2022 8:00,2022,4.00,24,8:00,8,,7,,93,,,,10,,9,,48.3,,100.69,,,,,,NA
-125.27,49.95,CAMPBELL RIVER A,1021267,4/24/2022 9:00,2022,4.00,24,9:00,9.3,,6.5,,83,,,,12,,14,,40.2,,100.68,,,,,,NA
-125.27,49.95,CAMPBELL RIVER A,1021267,4/24/2022 10:00,2022,4.00,24,10:00,9,,7,,87,,,,9,,14,,40.2,,100.66,,,,,,Rain
-125.27,49.95,CAMPBELL RIVER A,1021267,4/24/2022 11:00,2022,4.00,24,11:00,9.5,,7,,84,,,,10,,10,,40.2,,100.61,,,,,,Rain
-125.27,49.95,CAMPBELL RIVER A,1021267,4/24/2022 12:00,2022,4.00,24,12:00,9.4,,6.7,,83,,,,11,,18,,40.2,,100.56,,,,,,NA
-125.27,49.95,CAMPBELL RIVER A,1021267,4/24/2022 13:00,2022,4.00,24,13:00,9.6,,7.1,,84,,,,9,,17,,40.2,,100.51,,,,,,Rain
-125.27,49.95,CAMPBELL RIVER A,1021267,4/24/2022 14:00,2022,4.00,24,14:00,10.8,,6.8,,77,,,,14,,14,,40.2,,100.44,,,,,,NA
-125.27,49.95,CAMPBELL RIVER A,1021267,4/24/2022 15:00,2022,4.00,24,15:00,10.3,,6.6,,78,,,,15,,13,,32.2,,100.41,,,,,,Rain
-125.27,49.95,CAMPBELL RIVER A,1021267,4/24/2022 16:00,2022,4.00,24,16:00,9,,6,,81,,,,16,,9,,32.2,,100.39,,,,,,Rain
-125.27,49.95,CAMPBELL RIVER A,1021267,4/24/2022 17:00,2022,4.00,24,17:00,8.9,,5.6,,79,,,,14,,18,,40.2,,100.34,,,,,,NA
-125.27,49.95,CAMPBELL RIVER A,1021267,4/24/2022 18:00,2022,4.00,24,18:00,9.5,,4.6,,71,,,,13,,15,,40.2,,100.35,,,,,,NA
-125.27,49.95,CAMPBELL RIVER A,1021267,4/24/2022 19:00,2022,4.00,24,19:00,8.3,,6,,85,,,,9,,12,,40.2,,100.32,,,,,,Mostly Cloudy
-125.27,49.95,CAMPBELL RIVER A,1021267,4/24/2022 20:00,2022,4.00,24,20:00,8.1,,5.5,,84,,,,9,,8,,24.1,,100.32,,,,,,NA
-125.27,49.95,CAMPBELL RIVER A,1021267,4/24/2022 21:00,2022,4.00,24,21:00,,,,,,,,,,,,,,,,,,,,,
-125.27,49.95,CAMPBELL RIVER A,1021267,4/24/2022 22:00,2022,4.00,24,22:00,,,,,,,,,,,,,,,,,,,,,
-125.27,49.95,CAMPBELL RIVER A,1021267,4/24/2022 23:00,2022,4.00,24,23:00,,,,,,,,,,,,,,,,,,,,,
-125.27,49.95,CAMPBELL RIVER A,1021267,4/25/2022 0:00,2022,4.00,25,0:00,,,,,,,,,,,,,,,,,,,,,
-125.27,49.95,CAMPBELL RIVER A,1021267,4/25/2022 1:00,2022,4.00,25,1:00,,,,,,,,,,,,,,,,,,,,,
-125.27,49.95,CAMPBELL RIVER A,1021267,4/25/2022 2:00,2022,4.00,25,2:00,,,,,,,,,,,,,,,,,,,,,
-125.27,49.95,CAMPBELL RIVER A,1021267,4/25/2022 3:00,2022,4.00,25,3:00,,,,,,,,,,,,,,,,,,,,,
-125.27,49.95,CAMPBELL RIVER A,1021267,4/25/2022 4:00,2022,4.00,25,4:00,,,,,,,,,,,,,,,,,,,,,
-125.27,49.95,CAMPBELL RIVER A,1021267,4/25/2022 5:00,2022,4.00,25,5:00,1.1,,1,,99,,,,30,,4,,32.2,,100.13,,,,,,NA
-125.27,49.95,CAMPBELL RIVER A,1021267,4/25/2022 6:00,2022,4.00,25,6:00,3.1,,3.1,,100,,,,26,,3,,48.3,,100.18,,,,,,NA
-125.27,49.95,CAMPBELL RIVER A,1021267,4/25/2022 7:00,2022,4.00,25,7:00,4.4,,4.4,,100,,,,36,,6,,48.3,,100.21,,,,,,Mostly Cloudy
-125.27,49.95,CAMPBELL RIVER A,1021267,4/25/2022 8:00,2022,4.00,25,8:00,6.8,,5.7,,93,,,,3,,5,,48.3,,100.21,,,,,,NA
-125.27,49.95,CAMPBELL RIVER A,1021267,4/25/2022 9:00,2022,4.00,25,9:00,7.3,,5.4,,87,,,,6,,7,,32.2,,100.25,,,,,,NA
-125.27,49.95,CAMPBELL RIVER A,1021267,4/25/2022 10:00,2022,4.00,25,10:00,9.1,,5.4,,77,,,,16,,8,,40.2,,100.23,,,,,,Mostly Cloudy
-125.27,49.95,CAMPBELL RIVER A,1021267,4/25/2022 11:00,2022,4.00,25,11:00,10.9,,4.5,,64,,,,6,,8,,40.2,,100.24,,,,,,NA
-125.27,49.95,CAMPBELL RIVER A,1021267,4/25/2022 12:00,2022,4.00,25,12:00,9.2,,6.3,,82,,,,31,,10,,40.2,,100.28,,,,,,Rain Showers
-125.27,49.95,CAMPBELL RIVER A,1021267,4/25/2022 13:00,2022,4.00,25,13:00,11.3,,5.1,,65,,,,1,,7,,40.2,,100.27,,,,,,Mostly Cloudy
-125.27,49.95,CAMPBELL RIVER A,1021267,4/25/2022 14:00,2022,4.00,25,14:00,11.4,,3.4,,58,,,,2,,8,,48.3,,100.25,,,,,,NA
-125.27,49.95,CAMPBELL RIVER A,1021267,4/25/2022 15:00,2022,4.00,25,15:00,11.5,,2.8,,55,,,,10,,15,,48.3,,100.24,,,,,,NA
-125.27,49.95,CAMPBELL RIVER A,1021267,4/25/2022 16:00,2022,4.00,25,16:00,12.7,,1.7,,47,,,,14,,10,,48.3,,100.26,,,,,,Mostly Cloudy
-125.27,49.95,CAMPBELL RIVER A,1021267,4/25/2022 17:00,2022,4.00,25,17:00,11.8,,-1.9,,38,,,,27,,8,,48.3,,100.26,,,,,,NA
-125.27,49.95,CAMPBELL RIVER A,1021267,4/25/2022 18:00,2022,4.00,25,18:00,10.5,,0.7,,50,,,,31,,9,,48.3,,100.26,,,,,,NA
-125.27,49.95,CAMPBELL RIVER A,1021267,4/25/2022 19:00,2022,4.00,25,19:00,10.3,,2,,56,,,,3,,7,,48.3,,100.24,,,,,,Mostly Cloudy
-125.27,49.95,CAMPBELL RIVER A,1021267,4/25/2022 20:00,2022,4.00,25,20:00,7.2,,3.4,,77,,,,,,0,,24.1,,100.26,,,,,,NA
-125.27,49.95,CAMPBELL RIVER A,1021267,4/25/2022 21:00,2022,4.00,25,21:00,,,,,,,,,,,,,,,,,,,,,
-125.27,49.95,CAMPBELL RIVER A,1021267,4/25/2022 22:00,2022,4.00,25,22:00,,,,,,,,,,,,,,,,,,,,,
-125.27,49.95,CAMPBELL RIVER A,1021267,4/25/2022 23:00,2022,4.00,25,23:00,,,,,,,,,,,,,,,,,,,,,
-125.27,49.95,CAMPBELL RIVER A,1021267,4/26/2022 0:00,2022,4.00,26,0:00,,,,,,,,,,,,,,,,,,,,,
-125.27,49.95,CAMPBELL RIVER A,1021267,4/26/2022 1:00,2022,4.00,26,1:00,,,,,,,,,,,,,,,,,,,,,
-125.27,49.95,CAMPBELL RIVER A,1021267,4/26/2022 2:00,2022,4.00,26,2:00,,,,,,,,,,,,,,,,,,,,,
-125.27,49.95,CAMPBELL RIVER A,1021267,4/26/2022 3:00,2022,4.00,26,3:00,,,,,,,,,,,,,,,,,,,,,
-125.27,49.95,CAMPBELL RIVER A,1021267,4/26/2022 4:00,2022,4.00,26,4:00,,,,,,,,,,,,,,,,,,,,,
-125.27,49.95,CAMPBELL RIVER A,1021267,4/26/2022 5:00,2022,4.00,26,5:00,1.6,,1.4,,99,,,,29,,3,,40.2,,100.19,,,,,,NA
-125.27,49.95,CAMPBELL RIVER A,1021267,4/26/2022 6:00,2022,4.00,26,6:00,1.8,,1.7,,99,,,,30,,4,,40.2,,100.18,,,,,,NA
-125.27,49.95,CAMPBELL RIVER A,1021267,4/26/2022 7:00,2022,4.00,26,7:00,3.7,,3.2,,96,,,,32,,3,,40.2,,100.19,,,,,,Cloudy
-125.27,49.95,CAMPBELL RIVER A,1021267,4/26/2022 8:00,2022,4.00,26,8:00,5.9,,3.5,,84,,,,31,,9,,48.3,,100.18,,,,,,NA
-125.27,49.95,CAMPBELL RIVER A,1021267,4/26/2022 9:00,2022,4.00,26,9:00,7.1,,3.1,,76,,,,7,,6,,24.1,,100.17,,,,,,NA
-125.27,49.95,CAMPBELL RIVER A,1021267,4/26/2022 10:00,2022,4.00,26,10:00,7.2,,5,,86,,,,11,,12,,16.1,,100.18,,,,,,Rain Showers
-125.27,49.95,CAMPBELL RIVER A,1021267,4/26/2022 11:00,2022,4.00,26,11:00,7.9,,3.7,,75,,,,11,,17,,24.1,,100.17,,,,,,NA
-125.27,49.95,CAMPBELL RIVER A,1021267,4/26/2022 12:00,2022,4.00,26,12:00,7.8,,5.2,,84,,,,14,,17,,19.3,,100.18,,,,,,Rain Showers
-125.27,49.95,CAMPBELL RIVER A,1021267,4/26/2022 13:00,2022,4.00,26,13:00,6.8,,5,,88,,,,19,,6,,19.3,,100.21,,,,,,Rain Showers
-125.27,49.95,CAMPBELL RIVER A,1021267,4/26/2022 14:00,2022,4.00,26,14:00,7.1,,5.4,,89,,,,34,,9,,24.1,,100.27,,,,,,Rain Showers
-125.27,49.95,CAMPBELL RIVER A,1021267,4/26/2022 15:00,2022,4.00,26,15:00,7.5,,5,,84,,,,4,,7,,32.2,,100.28,,,,,,NA
-125.27,49.95,CAMPBELL RIVER A,1021267,4/26/2022 16:00,2022,4.00,26,16:00,8.1,,4.8,,80,,,,8,,8,,32.2,,100.29,,,,,,Mostly Cloudy
-125.27,49.95,CAMPBELL RIVER A,1021267,4/26/2022 17:00,2022,4.00,26,17:00,6,,4.3,,89,,,,19,,8,,24.1,,100.38,,,,,,Rain Showers
-125.27,49.95,CAMPBELL RIVER A,1021267,4/26/2022 18:00,2022,4.00,26,18:00,5.2,,4.2,,93,,,,33,,15,,32.2,,100.43,,,,,,Rain Showers
-125.27,49.95,CAMPBELL RIVER A,1021267,4/26/2022 19:00,2022,4.00,26,19:00,4.9,,4.2,,95,,,,25,,5,,40.2,,100.48,,,,,,Mostly Cloudy
-125.27,49.95,CAMPBELL RIVER A,1021267,4/26/2022 20:00,2022,4.00,26,20:00,3.5,,3.2,,98,,,,27,,3,,40.2,,100.54,,,,,,NA
-125.27,49.95,CAMPBELL RIVER A,1021267,4/26/2022 21:00,2022,4.00,26,21:00,,,,,,,,,,,,,,,,,,,,,
-125.27,49.95,CAMPBELL RIVER A,1021267,4/26/2022 22:00,2022,4.00,26,22:00,,,,,,,,,,,,,,,,,,,,,
-125.27,49.95,CAMPBELL RIVER A,1021267,4/26/2022 23:00,2022,4.00,26,23:00,,,,,,,,,,,,,,,,,,,,,
-125.27,49.95,CAMPBELL RIVER A,1021267,4/27/2022 0:00,2022,4.00,27,0:00,,,,,,,,,,,,,,,,,,,,,
-125.27,49.95,CAMPBELL RIVER A,1021267,4/27/2022 1:00,2022,4.00,27,1:00,,,,,,,,,,,,,,,,,,,,,
-125.27,49.95,CAMPBELL RIVER A,1021267,4/27/2022 2:00,2022,4.00,27,2:00,,,,,,,,,,,,,,,,,,,,,
-125.27,49.95,CAMPBELL RIVER A,1021267,4/27/2022 3:00,2022,4.00,27,3:00,,,,,,,,,,,,,,,,,,,,,
-125.27,49.95,CAMPBELL RIVER A,1021267,4/27/2022 4:00,2022,4.00,27,4:00,,,,,,,,,,,,,,,,,,,,,
-125.27,49.95,CAMPBELL RIVER A,1021267,4/27/2022 5:00,2022,4.00,27,5:00,-0.7,,-0.7,,100,,,,28,,4,,32.2,,100.66,,,,-2,,NA
-125.27,49.95,CAMPBELL RIVER A,1021267,4/27/2022 6:00,2022,4.00,27,6:00,-0.2,,-0.2,,100,,,,29,,4,,48.3,,100.68,,,,-1,,NA
-125.27,49.95,CAMPBELL RIVER A,1021267,4/27/2022 7:00,2022,4.00,27,7:00,2.9,,2.9,,100,,,,33,,8,,48.3,,100.68,,,,,,Mainly Clear
-125.27,49.95,CAMPBELL RIVER A,1021267,4/27/2022 8:00,2022,4.00,27,8:00,4.2,,3.3,,94,,,,34,,7,,32.2,,100.69,,,,,,NA
-125.27,49.95,CAMPBELL RIVER A,1021267,4/27/2022 9:00,2022,4.00,27,9:00,5.5,,3.6,,87,,,,35,,3,,32.2,,100.69,,,,,,NA
-125.27,49.95,CAMPBELL RIVER A,1021267,4/27/2022 10:00,2022,4.00,27,10:00,6.7,,3,,77,,,,7,,10,,48.3,,100.69,,,,,,Mostly Cloudy
-125.27,49.95,CAMPBELL RIVER A,1021267,4/27/2022 11:00,2022,4.00,27,11:00,8.1,,3.2,,71,,,,5,,11,,48.3,,100.69,,,,,,NA
-125.27,49.95,CAMPBELL RIVER A,1021267,4/27/2022 12:00,2022,4.00,27,12:00,8.5,,0.5,,57,,,,9,,4,,48.3,,100.67,,,,,,NA
-125.27,49.95,CAMPBELL RIVER A,1021267,4/27/2022 13:00,2022,4.00,27,13:00,9.2,,1,,56,,,,12,,9,,48.3,,100.65,,,,,,Mainly Clear
-125.27,49.95,CAMPBELL RIVER A,1021267,4/27/2022 14:00,2022,4.00,27,14:00,8.6,,2,,63,,,,14,,12,,40.2,,100.63,,,,,,NA
-125.27,49.95,CAMPBELL RIVER A,1021267,4/27/2022 15:00,2022,4.00,27,15:00,10.1,,1.5,,55,,,,13,,5,,48.3,,100.58,,,,,,NA
-125.27,49.95,CAMPBELL RIVER A,1021267,4/27/2022 16:00,2022,4.00,27,16:00,11.3,,1.1,,49,,,,10,,16,,48.3,,100.56,,,,,,Mainly Clear
-125.27,49.95,CAMPBELL RIVER A,1021267,4/27/2022 17:00,2022,4.00,27,17:00,10.6,,1.7,,54,,,,14,,16,,48.3,,100.57,,,,,,NA
-125.27,49.95,CAMPBELL RIVER A,1021267,4/27/2022 18:00,2022,4.00,27,18:00,8.7,,1.5,,60,,,,19,,9,,48.3,,100.56,,,,,,NA
-125.27,49.95,CAMPBELL RIVER A,1021267,4/27/2022 19:00,2022,4.00,27,19:00,7.5,,2.5,,71,,,,,,0,,48.3,,100.55,,,,,,Mostly Cloudy
-125.27,49.95,CAMPBELL RIVER A,1021267,4/27/2022 20:00,2022,4.00,27,20:00,5.1,,3.1,,87,,,,15,,4,,48.3,,100.56,,,,,,NA
-125.27,49.95,CAMPBELL RIVER A,1021267,4/27/2022 21:00,2022,4.00,27,21:00,,,,,,,,,,,,,,,,,,,,,
-125.27,49.95,CAMPBELL RIVER A,1021267,4/27/2022 22:00,2022,4.00,27,22:00,,,,,,,,,,,,,,,,,,,,,
-125.27,49.95,CAMPBELL RIVER A,1021267,4/27/2022 23:00,2022,4.00,27,23:00,,,,,,,,,,,,,,,,,,,,,
-125.27,49.95,CAMPBELL RIVER A,1021267,4/28/2022 0:00,2022,4.00,28,0:00,,,,,,,,,,,,,,,,,,,,,
-125.27,49.95,CAMPBELL RIVER A,1021267,4/28/2022 1:00,2022,4.00,28,1:00,,,,,,,,,,,,,,,,,,,,,
-125.27,49.95,CAMPBELL RIVER A,1021267,4/28/2022 2:00,2022,4.00,28,2:00,,,,,,,,,,,,,,,,,,,,,
-125.27,49.95,CAMPBELL RIVER A,1021267,4/28/2022 3:00,2022,4.00,28,3:00,,,,,,,,,,,,,,,,,,,,,
-125.27,49.95,CAMPBELL RIVER A,1021267,4/28/2022 4:00,2022,4.00,28,4:00,,,,,,,,,,,,,,,,,,,,,
-125.27,49.95,CAMPBELL RIVER A,1021267,4/28/2022 5:00,2022,4.00,28,5:00,0.4,,0.3,,100,,,,31,,5,,48.3,,100.47,,,,,,NA
-125.27,49.95,CAMPBELL RIVER A,1021267,4/28/2022 6:00,2022,4.00,28,6:00,1.9,,1.9,,100,,,,32,,4,,48.3,,100.48,,,,,,NA
-125.27,49.95,CAMPBELL RIVER A,1021267,4/28/2022 7:00,2022,4.00,28,7:00,5,,3,,87,,,,33,,6,,32.2,,100.47,,,,,,Mostly Cloudy
-125.27,49.95,CAMPBELL RIVER A,1021267,4/28/2022 8:00,2022,4.00,28,8:00,6.7,,3.3,,79,,,,30,,3,,40.2,,100.46,,,,,,NA
-125.27,49.95,CAMPBELL RIVER A,1021267,4/28/2022 9:00,2022,4.00,28,9:00,8.4,,3.2,,70,,,,13,,9,,48.3,,100.45,,,,,,NA
-125.27,49.95,CAMPBELL RIVER A,1021267,4/28/2022 10:00,2022,4.00,28,10:00,9.3,,4,,69,,,,7,,10,,48.3,,100.44,,,,,,Mostly Cloudy
-125.27,49.95,CAMPBELL RIVER A,1021267,4/28/2022 11:00,2022,4.00,28,11:00,9.5,,2.2,,60,,,,7,,10,,48.3,,100.43,,,,,,NA
-125.27,49.95,CAMPBELL RIVER A,1021267,4/28/2022 12:00,2022,4.00,28,12:00,9.7,,1.9,,58,,,,9,,15,,48.3,,100.42,,,,,,NA
-125.27,49.95,CAMPBELL RIVER A,1021267,4/28/2022 13:00,2022,4.00,28,13:00,10.6,,3.2,,60,,,,9,,9,,48.3,,100.42,,,,,,Mostly Cloudy
-125.27,49.95,CAMPBELL RIVER A,1021267,4/28/2022 14:00,2022,4.00,28,14:00,9.6,,3.6,,66,,,,25,,7,,48.3,,100.42,,,,,,NA
-125.27,49.95,CAMPBELL RIVER A,1021267,4/28/2022 15:00,2022,4.00,28,15:00,10.3,,1.8,,55,,,,25,,3,,48.3,,100.39,,,,,,NA
-125.27,49.95,CAMPBELL RIVER A,1021267,4/28/2022 16:00,2022,4.00,28,16:00,10.9,,1.6,,52,,,,9,,3,,48.3,,100.39,,,,,,Mostly Cloudy
-125.27,49.95,CAMPBELL RIVER A,1021267,4/28/2022 17:00,2022,4.00,28,17:00,11.3,,2.6,,55,,,,10,,7,,48.3,,100.4,,,,,,NA
-125.27,49.95,CAMPBELL RIVER A,1021267,4/28/2022 18:00,2022,4.00,28,18:00,10.7,,3,,59,,,,10,,6,,48.3,,100.39,,,,,,NA
-125.27,49.95,CAMPBELL RIVER A,1021267,4/28/2022 19:00,2022,4.00,28,19:00,7.9,,4.1,,77,,,,15,,5,,48.3,,100.41,,,,,,Mainly Clear
-125.27,49.95,CAMPBELL RIVER A,1021267,4/28/2022 20:00,2022,4.00,28,20:00,5.3,,3.8,,90,,,,26,,3,,48.3,,100.45,,,,,,NA
-125.27,49.95,CAMPBELL RIVER A,1021267,4/28/2022 21:00,2022,4.00,28,21:00,,,,,,,,,,,,,,,,,,,,,
-125.27,49.95,CAMPBELL RIVER A,1021267,4/28/2022 22:00,2022,4.00,28,22:00,,,,,,,,,,,,,,,,,,,,,
-125.27,49.95,CAMPBELL RIVER A,1021267,4/28/2022 23:00,2022,4.00,28,23:00,,,,,,,,,,,,,,,,,,,,,
-125.27,49.95,CAMPBELL RIVER A,1021267,4/29/2022 0:00,2022,4.00,29,0:00,,,,,,,,,,,,,,,,,,,,,
-125.27,49.95,CAMPBELL RIVER A,1021267,4/29/2022 1:00,2022,4.00,29,1:00,,,,,,,,,,,,,,,,,,,,,
-125.27,49.95,CAMPBELL RIVER A,1021267,4/29/2022 2:00,2022,4.00,29,2:00,,,,,,,,,,,,,,,,,,,,,
-125.27,49.95,CAMPBELL RIVER A,1021267,4/29/2022 3:00,2022,4.00,29,3:00,,,,,,,,,,,,,,,,,,,,,
-125.27,49.95,CAMPBELL RIVER A,1021267,4/29/2022 4:00,2022,4.00,29,4:00,,,,,,,,,,,,,,,,,,,,,
-125.27,49.95,CAMPBELL RIVER A,1021267,4/29/2022 5:00,2022,4.00,29,5:00,2,,1.9,,99,,,,31,,4,,32.2,,100.82,,,,,,NA
-125.27,49.95,CAMPBELL RIVER A,1021267,4/29/2022 6:00,2022,4.00,29,6:00,3.2,,3.1,,99,,,,31,,3,,32.2,,100.84,,,,,,NA
-125.27,49.95,CAMPBELL RIVER A,1021267,4/29/2022 7:00,2022,4.00,29,7:00,4.7,,4.1,,96,,,,,,0,,32.2,,100.88,,,,,,Mostly Cloudy
-125.27,49.95,CAMPBELL RIVER A,1021267,4/29/2022 8:00,2022,4.00,29,8:00,7,,5,,87,,,,9,,5,,32.2,,100.88,,,,,,NA
-125.27,49.95,CAMPBELL RIVER A,1021267,4/29/2022 9:00,2022,4.00,29,9:00,7.8,,4.8,,81,,,,12,,10,,32.2,,100.89,,,,,,NA
-125.27,49.95,CAMPBELL RIVER A,1021267,4/29/2022 10:00,2022,4.00,29,10:00,9.6,,4.4,,70,,,,12,,25,,32.2,,100.87,,,,,,Mostly Cloudy
-125.27,49.95,CAMPBELL RIVER A,1021267,4/29/2022 11:00,2022,4.00,29,11:00,10.5,,4.8,,67,,,,11,,28,,32.2,,100.84,,,,,,NA
-125.27,49.95,CAMPBELL RIVER A,1021267,4/29/2022 12:00,2022,4.00,29,12:00,11.6,,3.8,,59,,,,11,,28,,48.3,,100.78,,,,,,NA
-125.27,49.95,CAMPBELL RIVER A,1021267,4/29/2022 13:00,2022,4.00,29,13:00,10.9,,4.5,,65,,,,12,,27,,48.3,,100.73,,,,,,Mostly Cloudy
-125.27,49.95,CAMPBELL RIVER A,1021267,4/29/2022 14:00,2022,4.00,29,14:00,10.5,,5.8,,73,,,,12,,24,,48.3,,100.66,,,,,,NA
-125.27,49.95,CAMPBELL RIVER A,1021267,4/29/2022 15:00,2022,4.00,29,15:00,11.2,,3.8,,60,,,,13,,27,,48.3,,100.62,,,,,,NA
-125.27,49.95,CAMPBELL RIVER A,1021267,4/29/2022 16:00,2022,4.00,29,16:00,10.9,,4.1,,63,,,,14,,16,,48.3,,100.55,,,,,,Cloudy
-125.27,49.95,CAMPBELL RIVER A,1021267,4/29/2022 17:00,2022,4.00,29,17:00,10.1,,5,,70,,,,14,,14,,48.3,,100.45,,,,,,NA
-125.27,49.95,CAMPBELL RIVER A,1021267,4/29/2022 18:00,2022,4.00,29,18:00,10.3,,4.6,,68,,,,14,,14,,48.3,,100.35,,,,,,NA
-125.27,49.95,CAMPBELL RIVER A,1021267,4/29/2022 19:00,2022,4.00,29,19:00,9.6,,4.8,,72,,,,14,,10,,48.3,,100.28,,,,,,Cloudy
-125.27,49.95,CAMPBELL RIVER A,1021267,4/29/2022 20:00,2022,4.00,29,20:00,8.1,,5.5,,83,,,,15,,4,,48.3,,100.23,,,,,,NA
-125.27,49.95,CAMPBELL RIVER A,1021267,4/29/2022 21:00,2022,4.00,29,21:00,,,,,,,,,,,,,,,,,,,,,
-125.27,49.95,CAMPBELL RIVER A,1021267,4/29/2022 22:00,2022,4.00,29,22:00,,,,,,,,,,,,,,,,,,,,,
-125.27,49.95,CAMPBELL RIVER A,1021267,4/29/2022 23:00,2022,4.00,29,23:00,,,,,,,,,,,,,,,,,,,,,
-125.27,49.95,CAMPBELL RIVER A,1021267,4/30/2022 0:00,2022,4.00,30,0:00,,,,,,,,,,,,,,,,,,,,,
-125.27,49.95,CAMPBELL RIVER A,1021267,4/30/2022 1:00,2022,4.00,30,1:00,,,,,,,,,,,,,,,,,,,,,
-125.27,49.95,CAMPBELL RIVER A,1021267,4/30/2022 2:00,2022,4.00,30,2:00,,,,,,,,,,,,,,,,,,,,,
-125.27,49.95,CAMPBELL RIVER A,1021267,4/30/2022 3:00,2022,4.00,30,3:00,,,,,,,,,,,,,,,,,,,,,
-125.27,49.95,CAMPBELL RIVER A,1021267,4/30/2022 4:00,2022,4.00,30,4:00,,,,,,,,,,,,,,,,,,,,,
-125.27,49.95,CAMPBELL RIVER A,1021267,4/30/2022 5:00,2022,4.00,30,5:00,7.5,,7.2,,98,,,,8,,7,,6.4,,100.1,,,,,,"Rain,Fog"
-125.27,49.95,CAMPBELL RIVER A,1021267,4/30/2022 6:00,2022,4.00,30,6:00,7.5,,7.3,,99,,,,6,,5,,4.8,,100.13,,,,,,"Rain,Fog"
-125.27,49.95,CAMPBELL RIVER A,1021267,4/30/2022 7:00,2022,4.00,30,7:00,7.9,,7.4,,97,,,,4,,6,,8.1,,100.17,,,,,,"Rain,Fog"
-125.27,49.95,CAMPBELL RIVER A,1021267,4/30/2022 8:00,2022,4.00,30,8:00,8.4,,7.7,,95,,,,5,,7,,8.1,,100.19,,,,,,Fog
-125.27,49.95,CAMPBELL RIVER A,1021267,4/30/2022 9:00,2022,4.00,30,9:00,8.7,,7.3,,91,,,,5,,5,,12.9,,100.25,,,,,,NA
-125.27,49.95,CAMPBELL RIVER A,1021267,4/30/2022 10:00,2022,4.00,30,10:00,9.5,,7.5,,87,,,,7,,4,,16.1,,100.3,,,,,,Cloudy
-125.27,49.95,CAMPBELL RIVER A,1021267,4/30/2022 11:00,2022,4.00,30,11:00,11.2,,7.2,,76,,,,11,,12,,19.3,,100.32,,,,,,NA
-125.27,49.95,CAMPBELL RIVER A,1021267,4/30/2022 12:00,2022,4.00,30,12:00,12.2,,7.3,,72,,,,11,,9,,32.2,,100.34,,,,,,NA
-125.27,49.95,CAMPBELL RIVER A,1021267,4/30/2022 13:00,2022,4.00,30,13:00,12.1,,7.5,,73,,,,5,,14,,48.3,,100.37,,,,,,Mostly Cloudy
-125.27,49.95,CAMPBELL RIVER A,1021267,4/30/2022 14:00,2022,4.00,30,14:00,13.4,,7.3,,66,,,,7,,10,,48.3,,100.4,,,,,,NA
-125.27,49.95,CAMPBELL RIVER A,1021267,4/30/2022 15:00,2022,4.00,30,15:00,13.9,,7.8,,66,,,,9,,10,,48.3,,100.4,,,,,,NA
-125.27,49.95,CAMPBELL RIVER A,1021267,4/30/2022 16:00,2022,4.00,30,16:00,14.1,,8,,67,,,,7,,10,,48.3,,100.4,,,,,,Mainly Clear
-125.27,49.95,CAMPBELL RIVER A,1021267,4/30/2022 17:00,2022,4.00,30,17:00,13.8,,6.4,,61,,,,11,,9,,48.3,,100.42,,,,,,NA
-125.27,49.95,CAMPBELL RIVER A,1021267,4/30/2022 18:00,2022,4.00,30,18:00,13.3,,5.3,,58,,,,10,,12,,48.3,,100.42,,,,,,NA
-125.27,49.95,CAMPBELL RIVER A,1021267,4/30/2022 19:00,2022,4.00,30,19:00,11,,6.1,,72,,,,14,,5,,48.3,,100.42,,,,,,Clear
-125.27,49.95,CAMPBELL RIVER A,1021267,4/30/2022 20:00,2022,4.00,30,20:00,7.5,,6.6,,94,,,,,,0,,48.3,,100.47,,,,,,NA
-125.27,49.95,CAMPBELL RIVER A,1021267,4/30/2022 21:00,2022,4.00,30,21:00,,,,,,,,,,,,,,,,,,,,,
-125.27,49.95,CAMPBELL RIVER A,1021267,4/30/2022 22:00,2022,4.00,30,22:00,,,,,,,,,,,,,,,,,,,,,
-125.27,49.95,CAMPBELL RIVER A,1021267,4/30/2022 23:00,2022,4.00,30,23:00,,,,,,,,,,,,,,,,,,,,,
